target_return,achieved_return,variance,stdev,sharpe,CHTR,CMCSA,DIS,EA,GOOGL,AMZN,APTV,AZO,BBWI,BBY,ADM,BG,CAG,CHD,CL,COP,CVX,EOG,SLB,XOM,ACGL,AFL,AIG,AIZ,AJG,A,ABBV,ABT,AMGN,BAX,AAL,ADP,ALLE,AME,AOS,AAPL,ACN,ADBE,ADI,ADSK,ALB,APD,AVY,BALL,CE,AMT,ARE,AVB,BXP,CBRE,AEE,AEP,AES,ATO,AWK
0.0,0.00038659679346097695,8.73367132819427e-05,0.00934541134899597,0.028527026099243766,0.016225364874508232,0.0001,0.0,0.022368524239629217,0.008657919315021051,0.08983541661392054,0.0001,0.0,0.0,0.0,0.0,0.009052184355528804,0.10322106173678725,0.04291665667622008,0.09481009723146387,0.0,0.0,0.0,0.0,0.15854125440437256,0.0,0.0,0.0,0.005381749478468497,0.0,0.0,0.11521975958474298,0.03371899998265476,0.009010617423099863,0.0010857373194441688,0.0,0.0,0.0,0.0,0.03935465676413823,0.0,0.0,0.0,0.0,0.0001,0.0,0.0,0.0,0.0,0.0001,0.0,0.0,0.0,0.0001,0.0001,0.0,0.09189708492097895,0.0001,0.15790291507902107,0.0001
0.00034156761074216954,0.0003866984050480172,8.732888527715501e-05,0.009344992524189358,0.028539177999091257,0.01615128108348696,0.0,0.0,0.02226646684055205,0.0089873941781482,0.08924695131250765,0.0,0.0,0.0,0.0,0.0,0.009119999203409791,0.10307711440528075,0.04350457632153547,0.09429792545409449,0.0,0.0,0.0,0.0,0.1589854275685255,0.0,0.0,0.0,0.005514837111480408,0.0,0.0,0.11507444095949727,0.03387155591039022,0.009443570491379213,0.0007912141646135486,0.0,0.0,0.0,0.00010053974482870659,0.039167131013905516,0.0,0.0,0.0,0.0,0.00010013554372750658,0.0,0.0,0.0,0.0,0.00010015251642953107,0.0,0.0,0.0,0.00010009748841187743,0.00010007524142006658,0.0,0.09193695253743148,0.00010014068699705023,0.1578617410006989,0.00010027922124795605
0.00011385587024738984,0.00038681000339593546,8.7336525261469e-05,0.009345401289482918,0.028549871228771825,0.016141904043782757,0.0,0.0,0.02224391433753943,0.008969639724741848,0.08925566161937383,0.00010010990724510498,0.0,0.0,0.0,0.0,0.009100729980593199,0.10309074865346393,0.043488688094427824,0.09431934695466883,0.0,0.0,0.0,0.0,0.15901232984962954,0.0,0.0,0.0,0.005492224811588779,0.0,0.0,0.11509182546960953,0.03385981335084732,0.00943061391367667,0.0008502545941262248,0.0,0.0,0.0,0.0,0.03915272218473027,0.0,0.0,0.0,0.0,0.0001001718237903956,0.0,0.0,0.0,0.0,0.0001001923905591497,0.0,0.0,0.0,0.00010012409317261874,0.00010009650927874077,0.0,0.09188117343404094,0.00010017818815802134,0.1579171839401799,0.00010035213077535015
0.0001226140141125737,0.0003868101902317646,8.733652524853624e-05,0.009345401288790987,0.028549891223160283,0.016141917431567388,0.0,0.0,0.022243929768493424,0.008969643549052725,0.08925565968164821,0.00010010990724957551,0.0,0.0,0.0,0.0,0.009100731081956932,0.10309074403218821,0.043488704839764095,0.09431933372944738,0.0,0.0,0.0,0.0,0.15901234341866718,0.0,0.0,0.0,0.005492231055108089,0.0,0.0,0.11509183123276151,0.03385989078026312,0.009430643563109551,0.0008500748684524755,0.0,0.0,0.0,0.0,0.03915273854943241,0.0,0.0,0.0,0.0,0.00010017182379469461,0.0,0.0,0.0,0.0,0.0001001923906215943,0.0,0.0,0.0,0.00010012409319339285,0.00010009650928707746,0.0,0.09188118045628006,0.0001001781881643828,0.15791717691871845,0.00010035213077817441
0.00013137215797775752,0.0003868105118425901,8.733652522628146e-05,0.009345401287600306,0.028549925640603623,0.01614359109810174,0.0,0.0,0.022262866004337252,0.008999878283783942,0.08924542034302053,0.0,0.0,0.0,0.0,0.0,0.00912308716089722,0.103071798516529,0.043503711294583816,0.09430091643433862,0.0,0.0,0.0,0.0,0.15898242002557147,0.0,0.0,0.0,0.005529390217522406,0.0,0.0,0.11506920602555125,0.03383178291661608,0.009432623828747775,0.0009186480671665028,0.0,0.0,0.0,0.0,0.039185189133946204,0.0,0.0,0.0,0.0,0.00010017192220916804,0.0,0.0,0.0,0.0,0.00010019250144468988,0.0,0.0,0.0,0.00010012415989041038,0.00010009656490982141,0.0,0.09193382997841307,0.00010017831280665422,0.1578645249269096,0.00010035228270270823
6.130700705628684e-05,0.00038681106293689125,8.733652518740246e-05,0.009345401285520192,0.02854998461652894,0.01614070545776074,0.0,0.0,0.022242494637638662,0.00896923686694687,0.0892558232428234,0.00010010990687323719,0.0,0.0,0.0,0.0,0.009100614884883229,0.10309122168085977,0.04348708382828983,0.09432059327070978,0.0,0.0,0.0,0.0,0.1590110899442136,0.0,0.0,0.0,0.005491630289076918,0.0,0.0,0.1150912395550664,0.03385263375740489,0.009427887741308294,0.0008669292709024795,0.0,0.0,0.0,0.0,0.03915123323710712,0.0,0.0,0.0,0.0,0.00010017182338720629,0.0,0.0,0.0,0.0,0.00010019238490523684,0.0,0.0,0.0,0.00010012409130441737,0.00010009650849674266,0.0,0.09188055144178861,0.0001001781876171369,0.15791780586006468,0.00010035213057080413
7.88232947866545e-05,0.0003868110667377228,8.733652518730314e-05,0.009345401285514879,0.028549985023251255,0.016140762761695245,0.0,0.0,0.022242564327056527,0.008969258999666772,0.08925581607886987,0.0001001099068896718,0.0,0.0,0.0,0.0,0.009100621170810798,0.1030911962495447,0.04348716551905456,0.09432053072621464,0.0,0.0,0.0,0.0,0.15901115041503122,0.0,0.0,0.0,0.0054916604034301025,0.0,0.0,0.11509127089033411,0.03385298876584572,0.009428021481677864,0.0008661043163090312,0.0,0.0,0.0,0.0,0.03915130555546666,0.0,0.0,0.0,0.0,0.00010017182340735132,0.0,0.0,0.0,0.0,0.00010019238517916732,0.0,0.0,0.0,0.00010012409139425701,0.00010009650853584939,0.0,0.0918805808610196,0.00010017818764163773,0.15791777644434596,0.00010035213057828473
7.006515092147067e-05,0.00038681144426618046,8.733652516131198e-05,0.009345401284124293,0.028550025424743643,0.016140763393581503,0.0,0.0,0.022242564461075073,0.008969258239105172,0.08925581580298111,0.00010010990689032568,0.0,0.0,0.0,0.0,0.00910062096618286,0.10309119695403873,0.043487164674464965,0.09432053107094351,0.0,0.0,0.0,0.0,0.15901115066481547,0.0,0.0,0.0,0.005491660146860744,0.0,0.0,0.11509127007408386,0.03385298857053371,0.009428021765046219,0.0008661049206389832,0.0,0.0,0.0,0.0,0.03915130595666219,0.0,0.0,0.0,0.0,0.0001001718234072704,0.0,0.0,0.0,0.0,0.00010019238518123895,0.0,0.0,0.0,0.00010012409139512837,0.00010009650853569332,0.0,0.0918805812965865,0.00010017818764238529,0.15791777600876833,0.00010035213057916975
8.758143865183834e-05,0.00038681198706541387,8.733652512449339e-05,0.009345401282154416,0.028550083512722646,0.016140300079068005,0.0,0.0,0.022253187557846842,0.008983917310286228,0.08924831405558972,0.0,0.0,0.0,0.0,0.0,0.009119096525311255,0.10308155240440485,0.04348958809761386,0.0943092763613639,0.0,0.0,0.0,0.0,0.158973967679128,0.0,0.0,0.0,0.005510165330987012,0.0,0.0,0.11506890125998581,0.033805526408293506,0.009418840816050773,0.0009441000610590446,0.0,0.0,0.0,0.00010066612840060557,0.039153129424470905,0.0,0.0,0.0,0.0,0.00010017188239759839,0.0,0.0,0.0,0.0,0.00010019244664034752,0.0,0.0,0.0,0.00010012413230138181,0.00010009653944642083,0.0,0.09193079489993843,0.00010017828109161324,0.15786756008383127,0.00010035223449257567
9.633958251702218e-05,0.0003868119888179569,8.733652512446678e-05,0.009345401282152992,0.02855008370025699,0.01614180947246246,0.0,0.0,0.02224380607666375,0.008969613886486405,0.08925567553816385,0.00010010990721298253,0.0,0.0,0.0,0.0,0.009100722520990487,0.10309078014482445,0.04348857185000598,0.0943194391659064,0.0,0.0,0.0,0.0,0.15901223448566362,0.0,0.0,0.0,0.005492181398891617,0.0,0.0,0.11509178612113945,0.03385927120145853,0.009430405858552803,0.0008515128191942422,0.0,0.0,0.0,0.0,0.03915260704864511,0.0,0.0,0.0,0.0,0.00010017182376039039,0.0,0.0,0.0,0.0,0.00010019239011988965,0.0,0.0,0.0,0.00010012409302613629,0.00010009650922056663,0.0,0.0918811236993352,0.00010017818811253564,0.1579172336694086,0.0001003521307544631
0.0002539861720903312,0.00038681346016751906,8.732967370541763e-05,0.009345034708625626,0.028551361068915638,0.01614365532041137,0.0,0.0,0.02224600761656142,0.008970258330246303,0.0892554313308621,0.00010010990777423572,0.0,0.0,0.0,0.0,0.00910090632234731,0.10309002811646785,0.04349108416002359,0.09431749511142698,0.0,0.0,0.0,0.0,0.15901415397688562,0.0,0.0,0.0,0.005493110746112072,0.0,0.0,0.11509271618607592,0.03387042610176448,0.009434632804765999,0.0008256017726673053,0.0,0.0,0.0,0.0,0.0391549095636485,0.0,0.0,0.0,0.0,0.00010017182438846503,0.0,0.0,0.0,0.0,0.0001001923988379291,0.0,0.0,0.0,0.00010012409590371098,0.00010009651043832767,0.0,0.0918820789301327,0.00010017818893394565,0.15791627855227364,0.00010035213105028322
0.00010509772638220601,0.00038682155407614713,8.733652452309974e-05,0.009345401249978501,0.0285511073242319,0.016141862430897252,0.0,0.0,0.02224386546298299,0.008969626395270661,0.08925566735960444,0.00010010990723188677,0.0,0.0,0.0,0.0,0.009100726163852487,0.10309076443192723,0.04348863353916782,0.09431938954756874,0.0,0.0,0.0,0.0,0.15901228707453713,0.0,0.0,0.0,0.0054922045595794475,0.0,0.0,0.1150918058881157,0.033859566777368115,0.009430520043711785,0.0008508271611939908,0.0,0.0,0.0,0.0,0.03915267074985491,0.0,0.0,0.0,0.0,0.0001001718237765969,0.0,0.0,0.0,0.0,0.00010019239036361606,0.0,0.0,0.0,0.00010012409310786402,0.00010009650925198222,0.0,0.09188115176671613,0.00010017818813893224,0.15791720560501263,0.00010035213076772357
5.2548863191103006e-05,0.0003868219959689897,8.733652449718462e-05,0.009345401248591985,0.028551154612991087,0.016140663377217247,0.0,0.0,0.022242445290459614,0.008969223509375214,0.08925582907102793,0.00010010990685980821,0.0,0.0,0.0,0.0,0.009100611058471693,0.10309123751740584,0.04348702886988218,0.0943206362183413,0.0,0.0,0.0,0.0,0.15901104674011515,0.0,0.0,0.0,0.00549160987094448,0.0,0.0,0.11509121989247362,0.03385238490662869,0.009427792964745454,0.0008675071077975291,0.0,0.0,0.0,0.0,0.03915118127293143,0.0,0.0,0.0,0.0,0.00010017182337328604,0.0,0.0,0.0,0.0,0.00010019238470718071,0.0,0.0,0.0,0.00010012409123886392,0.00010009650846973448,0.0,0.09188052951761942,0.00010017818759777088,0.1579178277817537,0.00010035213056299506
4.379071932591917e-05,0.0003868223702222676,8.733652447570683e-05,0.009345401247442875,0.0285511946632871,0.01614066438945666,0.0,0.0,0.022242445423955166,0.008969222162312048,0.08925582860388023,0.0001001099068609182,0.0,0.0,0.0,0.0,0.009100610695480522,0.10309123877221059,0.043487027293550744,0.09432063690286567,0.0,0.0,0.0,0.0,0.15901104708651323,0.0,0.0,0.0,0.005491609386121724,0.0,0.0,0.11509121843662623,0.03385238406752104,0.009427793263839706,0.0008675093187401985,0.0,0.0,0.0,0.0,0.03915118186477777,0.0,0.0,0.0,0.0,0.00010017182337311868,0.0,0.0,0.0,0.0,0.0001001923847105396,0.0,0.0,0.0,0.00010012409124027986,0.00010009650846941772,0.0,0.09188053022974084,0.00010017818759903116,0.15791782706958987,0.00010035213056451553
3.503257546073534e-05,0.00038682248704407504,8.733652446899518e-05,0.009345401247083785,0.0285512071648434,0.01614059714463834,0.0,0.0,0.022242370836436296,0.00896920757672928,0.08925583924222857,0.00010010990683629268,0.0,0.0,0.0,0.0,0.009100606423804988,0.10309125745201943,0.04348695121500902,0.0943206985722623,0.0,0.0,0.0,0.0,0.15901098085129492,0.0,0.0,0.0,0.005491580723104316,0.0,0.0,0.11509119483509948,0.033852014059660755,0.009427649818512083,0.0008683674293274145,0.0,0.0,0.0,0.0,0.03915110149205403,0.0,0.0,0.0,0.0,0.00010017182335291879,0.0,0.0,0.0,0.0,0.00010019238440197925,0.0,0.0,0.0,0.00010012409113663317,0.0001000965084302786,0.0,0.0918804944474059,0.0001001781875648839,0.15791786284814338,0.00010035213054663218
0.0003590838984725372,0.00038682410497457945,8.732818415300432e-05,0.009344955010753359,0.02855274366409914,0.01610188906128591,0.00011991950454408087,0.0,0.02224193881120126,0.00895902887298834,0.08924894634926062,0.0,0.0,0.0,0.0,0.0,0.0091073537561239,0.10308906246944441,0.04350307829100046,0.09430005054688302,0.0,0.0,0.0,0.0,0.15897455931866494,0.0001003979190297119,0.0,0.0,0.005464148669650195,0.0,0.0,0.11508420833132904,0.03386004640715143,0.009415352153607046,0.0007785227799821739,0.0,0.0,0.0,0.0,0.03915166764276144,0.0,0.0,0.0,0.00010032398801400607,0.00010016104128688033,0.0,0.0,0.0,0.0,0.00010018043396426567,0.0,0.0,0.0,0.00010011622065464598,0.00010009023472162762,0.0,0.09191014420853277,0.00010016698659194334,0.15788831518651936,0.00010033081480655621
2.6274431595551503e-05,0.00038682719827363564,8.733652421239008e-05,0.009345401233354835,0.02855171132955726,0.016140562983240916,0.0,0.0,0.02224232953863237,0.008969194773705747,0.08925584358960086,0.00010010990682631287,0.0,0.0,0.0,0.0,0.009100602783181172,0.10309127222915776,0.0434869031952602,0.09432073545496632,0.0,0.0,0.0,0.0,0.15901094496449567,0.0,0.0,0.0,0.005491562998956097,0.0,0.0,0.1150911766071588,0.033851804024304134,0.00942757055383311,0.0008688554437708438,0.0,0.0,0.0,0.0,0.03915105853431564,0.0,0.0,0.0,0.0,0.00010017182334102688,0.0,0.0,0.0,0.0,0.0001001923842394028,0.0,0.0,0.0,0.00010012409108319526,0.00010009650840720993,0.0,0.09188047686604117,0.00010017818755009316,0.1579178804273901,0.00010035213054185752
1.751628773036767e-05,0.0003868290004383002,8.733652412032634e-05,0.009345401228429218,0.028551904184337416,0.016140543514154095,0.0,0.0,0.022242305712294016,0.008969187017994632,0.08925584597727505,0.00010010990682083504,0.0,0.0,0.0,0.0,0.009100600583301968,0.10309128110080952,0.04348687503012621,0.09432075694803706,0.0,0.0,0.0,0.0,0.15901092432194217,0.0,0.0,0.0,0.005491552626777763,0.0,0.0,0.11509116568703046,0.0338516824429785,0.009427524839219104,0.0008691380028820334,0.0,0.0,0.0,0.0,0.03915103387104132,0.0,0.0,0.0,0.0,0.00010017182333411027,0.0,0.0,0.0,0.0,0.00010019238414541584,0.0,0.0,0.0,0.0001001240910524983,0.00010009650839375224,0.0,0.09188046689673658,0.00010017818754187701,0.15791789039557125,0.00010035213053950789
0.00026274431595551504,0.0003868315008590274,8.731884305293006e-05,0.009344455203645104,0.028555062338459416,0.016143653841238004,0.0,0.0,0.02224600766566523,0.008970260685192894,0.08925543208935101,0.00010010990777243543,0.0,0.0,0.0,0.0,0.009100906958112357,0.10309002590392818,0.043491087135428944,0.09431749371278711,0.0,0.0,0.0,0.0,0.15901415363073593,0.0,0.0,0.0,0.005493111683777302,0.0,0.0,0.11509271876113425,0.03387042891010037,0.009434632824006244,0.0008255948076949028,0.0,0.0,0.0,0.0,0.03915490885106478,0.0,0.0,0.0,0.0,0.00010017182438882844,0.0,0.0,0.0,0.0,0.00010019239883366334,0.0,0.0,0.0,0.00010012409590174346,0.00010009651043902949,0.0,0.09188207784680741,0.0001001781889319235,0.1579162796356594,0.00010035213104775265
8.758143865183834e-06,0.00038683484898368876,8.733652384499031e-05,0.009345401213698121,0.028552530050028536,0.016825502248844243,0.0,0.0,0.021863604113579127,0.008453076534391757,0.08980636421545896,0.0,0.0001,0.0,0.0,0.0,0.009517238051684036,0.10248499940033651,0.04361890367209023,0.09437885887588923,0.0,0.0,0.0,0.0,0.15892127067900602,0.0,0.0,0.0,0.005466774325382149,0.0,0.0,0.1152164584127158,0.0334043268843993,0.008840420658624145,0.000798166645705374,0.0,0.0,0.0,0.0,0.039904035281893124,0.0,0.0,0.0,0.0,9.999999999998899e-05,0.0,0.0,0.0,0.0,9.999999999998899e-05,0.0,0.0,0.0,9.999999999998899e-05,9.999999999998899e-05,0.0,0.09293476756465033,9.999999999998899e-05,0.1568652324353497,9.999999999998899e-05
0.000157646589573309,0.0003868382307028037,8.733652370302484e-05,0.009345401206102649,0.028552891932403655,0.01614606937373498,0.0,0.0,0.022287721526793217,0.009004646220376129,0.08920904468915695,0.0,0.0,0.0,0.0,0.0,0.00911890060354107,0.10304817961870531,0.043543906550367134,0.09428852664870181,0.0,0.0,0.0,0.0,0.1589365669416039,0.0,0.0,0.0,0.0055532861364600014,0.0,0.0,0.11505258134117513,0.03383273094858921,0.009450556338258623,0.0009231986766417095,0.0,0.0,0.0,0.0,0.03920436517587899,0.0,0.0,0.0,0.00010034590308855236,0.00010017195095434167,0.0,0.0,0.0,0.0,0.00010019251574372331,0.0,0.0,0.0,0.00010012421799233076,0.0,0.0,0.09206021663088904,0.00010017834712996602,0.15783848964421798,0.0
0.00014888844570812518,0.0003868382729681549,8.733652370122508e-05,0.009345401206006358,0.0285528964552807,0.016142631886361246,0.0,0.0,0.022244776083835953,0.008969883781144748,0.08925556335525174,0.00010010990747115103,0.0,0.0,0.0,0.0,0.009100799713773464,0.103090461977398,0.04348966126367826,0.0943185907395089,0.0,0.0,0.0,0.0,0.15901308255393745,0.0,0.0,0.0,0.005492585394103524,0.0,0.0,0.11509218058072668,0.03386417074524996,0.009432268722911388,0.0008401346055706591,0.0,0.0,0.0,0.0,0.03915362612913473,0.0,0.0,0.0,0.0,0.00010017182403502424,0.0,0.0,0.0,0.0,0.0001001923939879826,0.0,0.0,0.0,0.00010012409430622736,0.00010009650975307434,0.0,0.09188155120662651,0.00010017818848669907,0.15791680621184648,0.00010035213090002809
0.00014013030184294135,0.00038683827943847114,8.73365237008815e-05,0.009345401205987975,0.02855289714768983,0.016142433973657097,0.0,0.0,0.022244541817581707,0.008969817508460152,0.08925559009283485,0.00010010990740964317,0.0,0.0,0.0,0.0,0.009100780776892194,0.10309053984070847,0.04348939680023242,0.09431879627347739,0.0,0.0,0.0,0.0,0.15901287791804722,0.0,0.0,0.0,0.005492487402838051,0.0,0.0,0.11509208412500653,0.033862986268428506,0.00943181885934969,0.00084288552207635,0.0,0.0,0.0,0.0,0.039153380366657685,0.0,0.0,0.0,0.0,0.00010017182396853357,0.0,0.0,0.0,0.0,0.00010019239305574526,0.0,0.0,0.0,0.00010012409399800413,0.00010009650962415268,0.0,0.09188144847364971,0.0001001781883972843,0.15791690893278265,0.00010035213086605347
0.00016640473343849284,0.0003868382977850905,8.733652370040393e-05,0.009345401205962424,0.02855289911093876,0.01614327293905912,0.0,0.0,0.022245535806431155,0.008970099897326963,0.08925547703452712,0.00010010990766969404,0.0,0.0,0.0,0.0,0.009100861447953116,0.10309020834754479,0.04349052040300219,0.09431792350573395,0.0,0.0,0.0,0.0,0.15901374598873055,0.0,0.0,0.0,0.005492903630434926,0.0,0.0,0.1150924946871215,0.033868013288650675,0.009433727587069661,0.0008312101792091408,0.0,0.0,0.0,0.0,0.0391544227454741,0.0,0.0,0.0,0.0,0.00010017182425083005,0.0,0.0,0.0,0.0,0.00010019239700853624,0.0,0.0,0.0,0.00010012409530470794,0.00010009651017150376,0.0,0.09188188380553985,0.00010017818877562842,0.15791647365200132,0.00010035213100891366
0.00017516287730367667,0.0003868384127960945,8.733652369586088e-05,0.009345401205719361,0.028552911418376566,0.016143629261095995,0.0,0.0,0.02224596879331538,0.008970236972132221,0.08925543237563083,0.00010010990777207826,0.0,0.0,0.0,0.0,0.009100900384091247,0.10309005075343873,0.04349102739175689,0.09431753518051723,0.0,0.0,0.0,0.0,0.15901412178812593,0.0,0.0,0.0,0.0054930904436262884,0.0,0.0,0.11509268887863494,0.03387021846194584,0.00943455858497929,0.0008260859719965848,0.0,0.0,0.0,0.0,0.039154872221446986,0.0,0.0,0.0,0.0,0.0001001718243758973,0.0,0.0,0.0,0.0,0.000100192398703243,0.0,0.0,0.0,0.00010012409586164224,0.0001000965104139727,0.0,0.09188206680140977,0.0001001781889281727,0.15791629067874507,0.00010035213105589933
0.00018392102116886053,0.0003868384544708188,8.733652369429212e-05,0.009345401205635429,0.02855291587801612,0.016143635203082207,0.0,0.0,0.02224597485835903,0.008970237428408499,0.08925543127230874,0.00010010990777464616,0.0,0.0,0.0,0.0,0.009100900534443398,0.1030900499191777,0.04349103266760348,0.09431753058866367,0.0,0.0,0.0,0.0,0.1590141272953773,0.0,0.0,0.0,0.005493092486933993,0.0,0.0,0.11509269000129842,0.03387024775006081,0.00943457027206846,0.0008260181893896902,0.0,0.0,0.0,0.0,0.03915487899522999,0.0,0.0,0.0,0.0,0.00010017182437743069,0.0,0.0,0.0,0.0,0.0001001923987297715,0.0,0.0,0.0,0.00010012409587071434,0.0001000965104169472,0.0,0.09188207005555164,0.0001001781889315856,0.15791628742488348,0.00010035213105814424
0.00019267916503404436,0.00038683846106610313,8.733652369414769e-05,0.0093454012056277,0.028552916583764843,0.016143637131521074,0.0,0.0,0.0222459762340891,0.008970236638036536,0.08925543073029457,0.00010010990777592095,0.0,0.0,0.0,0.0,0.009100900327313682,0.10309005056850933,0.043491032749408104,0.09431753006467994,0.0,0.0,0.0,0.0,0.1590141286931295,0.0,0.0,0.0,0.005493092600235239,0.0,0.0,0.115092689280454,0.03387025341597548,0.009434572951704284,0.0008260052535248235,0.0,0.0,0.0,0.0,0.03915488082347297,0.0,0.0,0.0,0.0,0.00010017182437764506,0.0,0.0,0.0,0.0,0.00010019239873749244,0.0,0.0,0.0,0.00010012409587354809,0.00010009651041736427,0.0,0.09188207121554683,0.00010017818893313902,0.15791628626492976,0.0001003521310596224
0.00022771174049477969,0.0003868384937321483,8.733652369345075e-05,0.009345401205590414,0.02855292007929265,0.016143648054265484,0.0,0.0,0.02224599588297059,0.00897025093638978,0.08925543134021983,0.00010010990777431076,0.0,0.0,0.0,0.0,0.00910090427426937,0.1030900358387552,0.0434910658319716,0.09431750776513395,0.0,0.0,0.0,0.0,0.1590141444044497,0.0,0.0,0.0,0.005493104242301457,0.0,0.0,0.11509270690842134,0.03387036231996884,0.009434610403330766,0.0008257506745021514,0.0,0.0,0.0,0.0,0.03915489858408082,0.0,0.0,0.0,0.0,0.00010017182438452653,0.0,0.0,0.0,0.0,0.00010019239879901148,0.0,0.0,0.0,0.00010012409589181134,0.00010009651043069624,0.0,0.09188207570750806,0.0001001781889330193,0.15791628177419453,0.00010035213105299818
0.0002014373088992282,0.00038683855770593045,8.733652369039136e-05,0.00934540120542673,0.028552926925275446,0.016143635190697374,0.0,0.0,0.022245976882498773,0.008970240652693133,0.08925543190675472,0.00010010990777312387,0.0,0.0,0.0,0.0,0.009100901413683792,0.10309004675880422,0.04349103826003787,0.09431752727737759,0.0,0.0,0.0,0.0,0.15901412862284414,0.0,0.0,0.0,0.00549309437234747,0.0,0.0,0.11509269372851769,0.0338702608840275,0.009434574074009073,0.0008259871847118745,0.0,0.0,0.0,0.0,0.0391548802532301,0.0,0.0,0.0,0.0,0.00010017182437840103,0.0,0.0,0.0,0.0,0.00010019239873277123,0.0,0.0,0.0,0.00010012409587107547,0.00010009651041882542,0.0,0.09188206969175466,0.0001001781889300465,0.15791628778885006,0.00010035213105556346
0.00021019545276441202,0.0003868385655365279,8.733652369022224e-05,0.00934540120541768,0.02855292776321227,0.016143646252245673,0.0,0.0,0.0222459911442795,0.008970246206901579,0.08925543077496434,0.00010010990777569137,0.0,0.0,0.0,0.0,0.009100902976629414,0.10309004059301907,0.0434910562555036,0.09431751388493055,0.0,0.0,0.0,0.0,0.15901414082828558,0.0,0.0,0.0,0.00549310093268876,0.0,0.0,0.11509270125893614,0.03387033465473103,0.009434601412266716,0.000825815567046344,0.0,0.0,0.0,0.0,0.03915489471894554,0.0,0.0,0.0,0.0,0.00010017182438267568,0.0,0.0,0.0,0.0,0.00010019239878661714,0.0,0.0,0.0,0.00010012409588851903,0.00010009651042711171,0.0,0.0918820752288373,0.00010017818893416508,0.15791628225253795,0.00010035213105598451
0.00021895359662959586,0.0003868385740769777,8.733652369003981e-05,0.00934540120540792,0.02855292867710867,0.0161436491494282,0.0,0.0,0.022245995824367162,0.008970249157585757,0.08925543077173857,0.00010010990777566022,0.0,0.0,0.0,0.0,0.009100903793948907,0.10309003751143336,0.04349106356781057,0.09431750883694386,0.0,0.0,0.0,0.0,0.15901414464610966,0.0,0.0,0.0,0.0054931035274258955,0.0,0.0,0.11509270496114099,0.033870360096582064,0.009434610347289374,0.0008257561714907341,0.0,0.0,0.0,0.0,0.03915489909777414,0.0,0.0,0.0,0.0,0.00010017182438424682,0.0,0.0,0.0,0.0,0.00010019239880213612,0.0,0.0,0.0,0.00010012409589326386,0.00010009651043015603,0.0,0.091882076513489,0.00010017818893453321,0.1579162809681669,0.00010035213105489991
0.0003240513230118019,0.0003868544369083224,8.732818152758687e-05,0.009344954870280909,0.02855598990177903,0.0161525595960358,0.0,0.0,0.022273500616391686,0.00900252950509947,0.08924425714247908,0.0,0.0,0.0,0.0,0.0,0.00912374560049934,0.10306839842203694,0.043515517780762646,0.09429188546748929,0.0,0.0,0.0,0.0,0.1589917160064045,0.0,0.0,0.0,0.005533218248681131,0.0,0.0,0.11507346357890141,0.03388483300469306,0.009452628822056254,0.0007958084981433669,0.0,0.0,0.0,0.0,0.03919642537151752,0.0,0.0,0.0,0.0,0.00010015918913927198,0.0,0.0,0.0,0.0,0.00010017811066070442,0.0,0.0,0.0,0.00010011474147668318,0.00010008911849534304,0.0,0.09193871475213747,0.00010016504438705852,0.15785976440948535,0.00010032697302654398
0.00028901874755106656,0.0003868566186189576,8.732823697406747e-05,0.009344957836933641,0.02855621430032275,0.016147213635622198,0.0,0.0,0.02226138211564429,0.008986250083828215,0.08924738361340845,0.0,0.0,0.0,0.0,0.0,0.009119762906767557,0.10307881526389567,0.04349885756207425,0.09430207776705365,0.0,0.0,0.0,0.0,0.15898112239298032,0.0,0.0,0.0,0.005513604961514736,0.0,0.0,0.11507229201622712,0.03384697608862752,0.009434572578146994,0.0008478308315057184,0.0,0.0,0.0,0.00010066613494570598,0.039161721040002845,0.0,0.0,0.0,0.0,0.00010017188508237641,0.0,0.0,0.0,0.0,0.00010019247796499799,0.0,0.0,0.0,0.00010012414297005964,0.0001000965440817043,0.0,0.09193438172446397,0.00010017828456278671,0.1578639737121814,0.0001003522364474886
0.0002452280282251474,0.00038687655333007726,8.732966827208795e-05,0.009345034417918853,0.02855811347450456,0.016143656649221884,0.0,0.0,0.022246007559501773,0.008970256194186024,0.08925543064545785,0.00010010990777586263,0.0,0.0,0.0,0.0,0.00910090574561875,0.10309003012419624,0.04349108145145867,0.09431749638900017,0.0,0.0,0.0,0.0,0.1590141542793371,0.0,0.0,0.0,0.005493109891752029,0.0,0.0,0.11509271384907374,0.03387042349502923,0.00943463276315823,0.0008256082276113555,0.0,0.0,0.0,0.0,0.039154910195709124,0.0,0.0,0.0,0.0,0.00010017182438813236,0.0,0.0,0.0,0.0,0.0001001923988417417,0.0,0.0,0.0,0.00010012409590547604,0.00010009651043768521,0.0,0.09188207990560346,0.00010017818893577199,0.15791627757674745,0.00010035213105257289
0.00023646988435996352,0.0003868818443136733,8.732818001192934e-05,0.009344954789185945,0.02855892300543937,0.01614364236143086,0.0,0.0,0.022245996055334817,0.00897025997345856,0.08925543425422605,0.00010010990776739442,0.0,0.0,0.0,0.0,0.00910090671393481,0.1030900273492472,0.043491077237568156,0.09431750240934468,0.0,0.0,0.0,0.0,0.15901414306131006,0.0,0.0,0.0,0.005493107835633264,0.0,0.0,0.11509271678850769,0.033870373020618995,0.009434610446157557,0.0008257241228629632,0.0,0.0,0.0,0.0,0.039154895831208285,0.0,0.0,0.0,0.0,0.00010017182438591717,0.0,0.0,0.0,0.0,0.00010019239878256919,0.0,0.0,0.0,0.00010012409588423597,0.0001000965104333819,0.0,0.0918820715410729,0.00010017818892524912,0.15791628594086105,0.00010035213104327984
0.00027150245982069884,0.00038688641276248475,8.732966779905259e-05,0.009345034392609404,0.02855916859691325,0.016147077734934574,0.0,0.0,0.022266877339924475,0.009000861996423914,0.08924491345119683,0.0,0.0,0.0,0.0,0.0,0.009123370413581156,0.10307060697239329,0.04350805174317532,0.09429748438683203,0.0,0.0,0.0,0.0,0.15898594839326208,0.0,0.0,0.0,0.005531011713160689,0.0,0.0,0.11507069382459668,0.03385189896828439,0.0094403282121167,0.0008719575969421002,0.0,0.0,0.0,0.0,0.03918944629250252,0.0,0.0,0.0,0.0,0.00010017190434460636,0.0,0.0,0.0,0.0,0.00010019249496794282,0.0,0.0,0.0,0.00010012415094884102,0.00010009655586847964,0.0,0.09193566060384561,0.00010017829480662031,0.1578626947101678,0.00010035224572347713
0.00036784204233772106,0.00038689954569391736,8.73309984852823e-05,0.009345105589841257,0.0285603563414045,0.016108867626134653,0.0,0.0,0.021907006367854365,0.008506519617147296,0.08963879557783329,0.0,0.0,0.0,0.0,0.0,0.008939845844584352,0.10285267676237522,0.04423495147798388,0.09397252591505653,0.0,0.0,0.0,0.0,0.159000668535073,0.0,0.0,0.0,0.005314367952637074,0.0,0.0,0.11531421009782745,0.03474870469864283,0.00902250710474107,0.0009581510943204724,0.0,0.0,0.0,0.0,0.03898020132778858,0.0,0.0,0.0,0.0001,0.0001,0.0,0.0,0.0,0.0,0.0001,0.0,0.0,0.0,0.0001,0.0001,0.0,0.0921247212120435,0.0001,0.1576752787879565,0.0001
0.0003328094668769857,0.00038690426998731645,8.732817300528009e-05,0.009344954414296525,0.02856132391389612,0.016143823740592173,0.0,0.0,0.02224421503436489,0.008986003475716611,0.08926374324260722,0.0,0.0001092657725011088,0.0,0.0,0.0,0.009129887952329404,0.10308147564493465,0.04348215195459339,0.09430599786535547,0.0,0.0,0.0,0.0,0.15900458073264614,0.0,0.0,0.0,0.0055034686698293206,0.0,0.0,0.11507720757354631,0.03385882615820949,0.00942404509174358,0.0008167743653131174,0.0,0.0,0.0,0.0,0.03916906197352682,0.0,0.0,0.0,0.0,0.00010017187835149131,0.0,0.0,0.0,0.0,0.0001001924979181423,0.0,0.0,0.0,0.00010012412020381143,0.00010009653302781091,0.0,0.09189049262643062,0.00010017829496181299,0.15790786263861825,0.00010035216267827224
0.00035032575460735335,0.0003869085250407765,8.732829520035098e-05,0.009344960952318153,0.028561759262842722,0.01615419487561034,0.0,0.0,0.022275239716747847,0.009002201039093228,0.08924406112343108,0.0,0.0,0.0,0.0,0.0,0.00912349333290954,0.10306827535813658,0.04351680968656066,0.09429101530727634,0.0,0.0,0.0,0.0,0.1589933049822163,0.0,0.0,0.0,0.00553257859454082,0.0,0.0,0.11507368810422484,0.03389204631439246,0.009455421511833331,0.000779607041965767,0.0,0.0,0.0,0.0,0.039198467819958276,0.0,0.0,0.0,0.0,0.00010014082473537669,0.0,0.0,0.0,0.0,0.00010015544859792463,0.0,0.0,0.0,0.00010010070409883016,0.00010007852086838606,0.0,0.09193992753036008,0.00010014508552349384,0.15785875670864377,0.00010029036827464868
0.00029777689141625036,0.00038691357774918217,8.732964710167285e-05,0.009345033285209468,0.02856207887152532,0.01615015521375066,0.0,0.0,0.022270469683225103,0.009001812801046682,0.08924448204037808,0.0,0.0,0.0,0.0,0.0,0.009123643170029182,0.10306947443514451,0.04351202547300849,0.09429437046805172,0.0,0.0,0.0,0.0,0.15898909725413493,0.0,0.0,0.0,0.005532489090512907,0.0,0.0,0.11507210143278043,0.03386999096127604,0.009447228839562113,0.0008299517095675586,0.0,0.0,0.0,0.0,0.03919323627667624,0.0,0.0,0.0,0.0,0.00010017191148192963,0.0,0.0,0.0,0.0,0.00010019251620928858,0.0,0.0,0.0,0.00010012416025300744,0.00010009656141697657,0.0,0.09193726680255883,0.00010017830257832076,0.1578610886378405,0.00010035225851656054
0.0003853583300680887,0.0003869139087674609,8.732816339513525e-05,0.009344953900107547,0.0285623569276665,0.016033409549538365,0.0,0.0,0.02195196725390794,0.00911031957377807,0.08956938825010985,0.0,0.0,0.0,0.0,0.0,0.008648996781296131,0.10331800106918942,0.04423893634913423,0.09379406580038022,0.0,0.0,0.0,0.0,0.15925133858842316,0.0,0.0,0.0,0.005727861527873636,0.0,0.0,0.11434085327067023,0.033853816636026296,0.010268792335603311,0.0,0.0,0.0,0.0,0.0001,0.03939225301406918,0.0,0.0,0.0,0.0,0.0001,0.0,0.0,0.0,0.0,0.0001,0.0,0.0,0.0,0.0001,0.0001,0.0,0.09166262732400947,0.0001,0.15813737267599054,0.0001
0.00037660018620290487,0.0003869210680818633,8.733335528663858e-05,0.009345231687156749,0.028562274004259924,0.015811818453410006,0.0,0.0,0.022803447963977548,0.009040662484270457,0.08885747347512617,0.0,0.0,0.0,0.0,0.0,0.00920314854248716,0.10318027259639026,0.04292077366993624,0.09469580519118634,0.0,0.0,0.0,0.0,0.1592499379225883,0.0,0.0,0.0,0.005705052196566945,0.0,0.0,0.11495850557655546,0.03445973914094564,0.009829365739994284,0.0,0.0,0.0,0.0,0.0001,0.038783997046565315,0.0,0.0,0.0,0.0,0.0001,0.0,0.0,0.0,0.0,0.0001,0.0,0.0,0.0,0.0001,0.0001,0.0,0.09192985644891274,0.0001,0.15787014355108728,0.0001
0.0002802606036858827,0.0003870608335125148,8.733124166926767e-05,0.009345118601134373,0.02857757562114805,0.01610128436640416,0.00013270353877182326,0.0,0.02226141282928987,0.008991175877203505,0.08924570936278055,0.0,0.0,0.0,0.0,0.0,0.009124107657225326,0.10307193705613148,0.04350764935918028,0.09429581941369083,0.0,0.0,0.0,0.0,0.15897766413395292,0.0,0.0,0.0,0.005515261501471819,0.0,0.0,0.11507378188874899,0.03386633471353782,0.009426323664794933,0.0008288608460637478,0.0,0.0,0.0,0.0,0.03918050300275591,0.0,0.0,0.0,0.0,0.00010017189312540661,0.0,0.0,0.0,0.0,0.00010019249237248564,0.0,0.0,0.0,0.00010012414250454368,0.00010009654964079311,0.0,0.09192260016114961,0.00010017829829718738,0.15787575503309798,0.0001003522178082145
0.0003065350352814342,0.0003873596804430374,8.732998673275516e-05,0.009345051456934582,0.028609760114765414,0.01614828031359974,0.0,0.0,0.022262656701766498,0.008986626234728401,0.08924724322269761,0.0,0.0,0.0,0.0,0.0,0.009119870141377266,0.10307837701609072,0.04350031586922222,0.09430095048962792,0.0,0.0,0.0,0.0,0.15898223318155397,0.0,0.0,0.0,0.0055141441888244954,0.0,0.0,0.11507283380418917,0.0338534375685995,0.009437019677714457,0.0008328212801451276,0.0,0.0,0.0,0.00010066613584017984,0.03916305309173476,0.0,0.0,0.0,0.0,0.00010017188544657495,0.0,0.0,0.0,0.0,0.00010019248301149436,0.0,0.0,0.0,0.00010012414463462568,0.00010009654478800396,0.0,0.09193493332094434,0.0001001782850360416,0.15786342218181182,0.00010035223661529396
0.000315293179146618,0.0003873893759476694,8.733011378651431e-05,0.00934505825484862,0.02861291697234057,0.01614613833809629,0.0,0.0,0.02225602233356376,0.00897643266297702,0.08923567229560446,0.0,0.0,0.0,0.0,0.0,0.00911077597072487,0.10307935138998421,0.04350701657915858,0.09430236969488043,0.0,0.0,0.0,0.0,0.1589902434057573,0.0,0.0,0.0,0.005522244474142306,0.0,0.0,0.11508093699378609,0.033857954700291605,0.009436584250042939,0.0008270628161615155,0.0,0.0,0.0,0.0,0.03917137674687995,0.0,0.0,0.0,0.00010034572594835735,0.00010017185447765092,0.0,0.0,0.0,0.0,0.00010019244989765574,0.0,0.0,0.0,0.00010012413511619138,0.00010009654196144053,0.0,0.0919346883733701,0.00010017825223206179,0.1578636678109848,0.00010035220396043339
0.00039411647393327253,0.0003941164739332725,8.732273560910605e-05,0.009344663482924682,0.02933401234128549,0.014337155948445236,0.0,0.0,0.022941396006548292,0.012724706850417003,0.09023110003721793,0.0,0.0,0.0,0.0,0.0,0.010158638123636982,0.0998482852505674,0.04831268706312541,0.09168038956267022,0.0,0.0,0.0,0.0,0.1573596515498889,0.0,0.0,0.0,0.006744773093038295,0.0,0.0,0.1208713054028998,0.035535191976240034,0.0,0.0,0.0,0.0,0.0,0.0,0.03925471913530439,0.0,0.0,0.0,0.0,0.0,0.0,0.0,0.0,0.0,0.0,0.0,0.0,0.0,0.0,0.0,0.0,0.0910765908689255,0.0,0.1588234091310745,0.0001
0.0004028746177984564,0.0004028655100337362,8.738230023880818e-05,0.009347850032965236,0.03025995379003832,0.008623843501755294,0.0,0.0,0.01998011372821036,0.017187173594824735,0.09261222343953214,0.0,0.0015304780919618837,0.0,0.0,0.0,0.011502595569113391,0.09551779505906192,0.051979711831228924,0.09099933553656905,0.0,0.0,0.0,0.0,0.15593589176606318,0.0,0.0,0.0,0.007884369802644125,0.0,0.0,0.12393749193675156,0.03328428331039964,0.00505167228363154,0.0,0.0,0.0,0.0,0.0,0.03397405139262057,0.0,0.0,0.0,0.0,0.0,0.0,0.0,0.0,0.0,0.0,0.0,0.0,0.0,0.0,0.0,0.0,0.08641522348249929,0.0,0.16348340391108201,0.00010034176205028398
0.0004116327616636402,0.0004116233456943484,8.750910938366469e-05,0.009354630371300871,0.031174224327347178,0.004833062436936828,0.0,0.0,0.019464390463273192,0.0218745201099084,0.09400631634573366,0.0,0.0,0.0,0.0,0.0,0.012469297621889659,0.09136393196215087,0.05731501687111059,0.0888511474309749,0.0,0.0,0.0,0.0,0.15388609824653154,0.0,0.0,0.0,0.0093369318864703,0.0019953113026981452,0.0,0.12928563273944638,0.03351078095199543,0.0,0.0,0.0,0.0,0.0,0.0,0.03180854679148787,0.0,0.0,0.0,0.0,0.0,0.0,0.0,0.0,0.0,0.0,0.0,0.0,0.0,0.0,0.0,0.0,0.08466196731899751,0.0,0.16533704752039471,0.0
0.00042039090552882405,0.00042038135605864887,8.768254134480773e-05,0.00936389562867975,0.032078674087165235,0.0,0.0,0.0,0.016776883123991646,0.024555359949461727,0.09645205858547684,0.0,0.0034166266837154483,0.0,0.0,0.0,0.013860134098793988,0.08839513156009388,0.05931043430753105,0.08843362306703297,0.0,0.0,0.0,0.0,0.15288326043380704,0.0,0.0,0.0,0.008082604354981137,0.00649454545216717,0.0,0.1323336943099334,0.031003121917728582,0.0,0.0,0.0,0.0,0.0,0.0,0.028003510726492604,0.0,0.0,0.0,0.0,0.0,0.0,0.0,0.0,0.0,0.0,0.0,0.0,0.0,0.0,0.0,0.0,0.07990043511000378,0.0,0.1699982467123075,0.0001003296064812084
0.0004291490493940079,0.0004291393924890393,8.790435243850076e-05,0.00937573210146817,0.03297229369860412,0.0,0.0,0.0,0.013597248274322913,0.028334059592605956,0.09832590864168184,0.0,0.003052361643330743,0.0,0.0,0.0,0.015642810406817365,0.08407082010295197,0.06329703291528259,0.08698852358694628,0.0,0.0,0.0,0.0,0.15024822942750948,0.0,0.0,0.0,0.006541854279773571,0.014168913381561309,0.0,0.13583034466962476,0.02705568480121982,0.0,0.0,0.0,0.0,0.0,0.0,0.022847224871934104,0.0,0.0,0.0,0.0,0.0,0.0,0.0,0.0,0.0,0.0,0.0,0.0,0.0,0.0,0.0,0.0,0.0751828451320664,0.0,0.1748161382723708,0.0
0.0004379071932591917,0.00043789748161536713,8.820514968050519e-05,0.00939175966901332,0.033848553712912975,0.0,0.0,0.0,0.010754500044949876,0.032089992586884074,0.10016623922682152,0.0,0.003221582471807031,0.0,0.0,0.0,0.017361879248387925,0.07982096348674257,0.06699718660391932,0.08581895306673769,0.0,0.0,0.0,0.00010008965999691776,0.14857385410070043,0.0,0.0,0.0,0.0,0.023717777923834348,0.0,0.13928505987631173,0.023537016517704512,0.0,0.0,0.0,0.0,0.0,0.0,0.01855596228667153,0.0,0.0,0.0,0.0,0.0,0.0,0.0,0.0,0.0,0.0,0.0,0.0,0.0,0.0,0.0,0.0,0.07055740172835798,0.0,0.17944154117017252,0.0
0.00044666533712437557,0.00044665557139128266,8.857854793133968e-05,0.009411617710645694,0.03470769653359328,0.0,0.0,0.0,0.007081053662555464,0.03587732570792856,0.10213962082210508,0.0,0.0022053671680456175,0.0,0.0,0.0,0.01918724763283626,0.07539420769268378,0.07126946053661812,0.08414772956984011,0.0,0.0,0.0,0.0,0.14501515784553073,0.0,0.0,0.0,0.003354080749933944,0.02959365671130718,0.0,0.1429679887596225,0.019059807114619652,0.0,0.0,0.0,0.0,0.0,0.0,0.012307897550542722,0.0,0.0,0.0,0.0,0.00010016807126394877,0.0,0.0,0.0,0.0,0.00010012511696824914,0.0,0.0,0.0,0.00010008939877755675,0.0001000981855776299,0.0,0.06526112570228347,0.0001001526644885263,0.1845373312501131,0.0001003080863579339
0.00045542348098955937,0.00045541368057191723,8.899083808199356e-05,0.009433495538876008,0.035555609178979,0.0,0.0,0.0,0.0038702745507004804,0.03961564999259406,0.10401057864126656,0.0,0.0018145743906154482,0.0,0.0,0.0,0.020955286298820656,0.07108921670294938,0.07523723919649711,0.08271623114622494,0.0,0.0,0.0,0.0,0.14238272736207502,0.0,0.0,0.0,0.001847635055160922,0.0372192108056699,0.0,0.14647813080360378,0.015075021996622837,0.0,0.0,0.0,0.0,0.0,0.00010068204237666986,0.007087749597186686,0.0,0.0,0.0,0.00010043338516640908,0.00010016448551592549,0.0,0.0,0.0,0.0,0.00010011637068966791,0.0,0.0,0.0,0.00010008385080730986,0.00010009666990302296,0.0,0.06046591333166471,0.0001001475766659206,0.18933253837739938,0.00010029736982330042
0.00046418162485474323,0.00046417680675164477,8.944966346130517e-05,0.009457783221310646,0.036390853828847776,0.0,0.0,0.0,0.0,0.044026416481301976,0.10691149380953369,0.0,0.006182143828553862,0.0,0.0,0.0,0.020059230016259835,0.07018656124017475,0.07686048874992847,0.082853515502698,0.0,0.0,0.0,0.0,0.144129681899419,0.0,0.0,0.0,0.0,0.046840524960498064,0.0,0.15197490558212873,0.0,0.0,0.0,0.0,0.0,0.0,0.0,0.0,0.0,0.0,0.0,0.0,0.0,0.0,0.0,0.0,0.0,0.0,0.0,0.0,0.0,0.0,0.0,0.0,0.06148886355459853,0.0,0.18837827922766498,0.00010789514724019428
0.00047293976871992703,0.0004729397687199269,8.99999361375503e-05,0.009486829614657907,0.03720313139962026,0.0,0.0,0.0,0.0,0.04696823232644209,0.10712301891825753,0.0,0.0,0.0,0.0,0.0,0.02430482831687401,0.061621510982886554,0.08247707314090835,0.07788255480190506,0.0,0.0,0.0,0.0,0.13712986997097007,0.0,0.0,0.0,0.0,0.0517073684468603,0.0,0.15323824275312664,0.006947300341769519,0.0,0.0,0.0,0.0,0.0,0.0,9.999999999998899e-05,0.0,0.0,0.0,0.0,9.999999999998899e-05,0.0,0.0,0.0,9.999999999998899e-05,9.999999999998899e-05,0.0,0.0,0.0,9.999999999998899e-05,9.999999999998899e-05,0.0,0.048232805971584525,9.999999999998899e-05,0.2015671940284155,9.999999999998899e-05
0.0004816979125851109,0.0004817620781243765,9.056314634058797e-05,0.009516467114459439,0.03801432546062295,0.0,0.0,0.0,0.0,0.048900780069154826,0.10929890675495714,0.0,0.0,0.0,0.0,0.0,0.023048813076580077,0.05784212972194035,0.08178642956142902,0.07449272471665536,0.0,0.0,0.0,0.0,0.13768732584441679,0.0,0.0,0.0,0.0,0.05958722346168468,0.0,0.15804208954384266,0.0,0.0,0.0,0.0,0.0,0.0,0.0,0.0,0.0,0.0,0.0,0.0,0.0,0.0,0.0,0.0,0.0,0.0,0.0,0.0,0.0,0.0,0.0,0.0,0.046145161243661324,0.0,0.20316841600567784,0.0
0.0004904560564502948,0.0004904461941339385,9.12306981831891e-05,0.009551476230572377,0.03878418217156986,0.0,0.0,0.0,0.0,0.04970370766457681,0.11058458979877016,0.0,0.0,0.0,0.0,0.0,0.02168107443908689,0.05273956626800519,0.08154162233381618,0.06788875253882214,0.0,0.0,0.0,0.0,0.13714420895831686,0.0,0.0,0.0,0.0,0.06424181848594836,0.0,0.16081013264172156,0.0031649364169851293,0.0,0.0,0.0,0.0,0.0,0.0,0.0,0.0,0.0,0.0,0.0,0.00010015669538330082,0.0,0.0,0.0,0.00010014780311993277,0.00010009653631240101,0.0,0.0,0.0,0.00010007218293334699,0.00010009500149008682,0.0,0.039677098264943374,0.00010013662238147851,0.21012151076794397,0.00010027657944298415
0.0004992142003154786,0.0004992043140575982,9.191610124279917e-05,0.009587288524019666,0.039552821750128066,0.0,0.0,0.0,0.0,0.051336298376244024,0.11208625073726879,0.0,0.0,0.0,0.0,0.0,0.02047976167633046,0.0483418128219029,0.08122181376427921,0.06239227355629551,0.0,0.0,0.0,0.0,0.1371684564140063,0.0,0.0,0.0,0.0,0.070405033543764,0.0,0.16428326402671856,0.0016838232502151371,0.0,0.0,0.0,0.0,0.0,0.0,0.00010151554895407949,0.0,0.0,0.0,0.0,0.00010013411281629586,0.0,0.0,0.0,0.00010012479212219503,0.00010008016167501031,0.0,0.0,0.0,0.00010006019971533203,0.00010008163663247485,0.0,0.03505367552294449,0.00010011637649752004,0.2147451860351713,0.00010023744644647902
0.0005079723441806624,0.0005079623972230803,9.259068034617394e-05,0.009622405122742128,0.04031865134280705,0.0,0.0,0.0,0.0,0.05315344093164714,0.1135474344818363,0.0,0.0,0.0,0.0,0.0,0.019404672030232342,0.0440790159089155,0.08115561549903591,0.05712078439510894,0.0,0.0,0.0,0.0,0.13715276940242793,0.0,0.0,0.0,0.0,0.07674033538935153,0.0,0.16764645481939203,0.0,0.0,0.0,0.0,0.0,0.0,0.0,0.0,0.0,0.0,0.0,0.0,0.0,0.0,0.0,0.0,0.0,0.0,0.0,0.0,0.0,0.0,0.0,0.0,0.03096996879814059,0.0,0.21892938483525098,0.00010012350866076314
0.0005167304880458462,0.0005167205401763014,9.341668103285334e-05,0.009665230521454382,0.04104615397384279,0.0,0.0,0.0,0.0,0.05448410312476398,0.11502029864405253,0.0,0.0,0.0,0.0,0.0,0.01808794513939171,0.039524368144855666,0.08050082157836681,0.05108921843531279,0.0,0.0,0.0,0.0,0.1372278372969294,0.0,0.0,0.0,0.0,0.08250045507981249,0.0,0.17095627265787433,0.00010833453990813617,0.0,0.0,0.0,0.0,0.0,0.0,0.00010053184318390353,0.0,0.0,0.0,0.0,0.00010006068783278796,0.0,0.0,0.0,0.0,0.0001000331349785639,0.0,0.0,0.0,0.00010002402479437768,0.00010003554268499761,0.0,0.02578649141392235,0.00010005171128678214,0.22401300571339708,0.00010011128665137258
0.0005254886319110301,0.0005254787316409574,9.423898621932382e-05,0.00970767666433755,0.0417688748462892,0.0,0.0,0.0,0.0,0.05598236559969131,0.11646339842355577,0.0,0.0,0.0,0.0,0.0,0.016887142314111005,0.035085243308793666,0.08004605043842491,0.04525420692811264,0.0,0.0,0.0,0.0,0.1372864004607616,0.0,0.0,0.0,0.0,0.08841320682775414,0.0,0.17418229538323107,0.0,0.0,0.0,0.0,0.0,0.0,0.0,0.0,0.0,0.0,0.0,0.0,0.00010012966916879259,0.0,0.0,0.0,0.0,0.00010007407640970649,0.0,0.0,0.0,0.00010005676378048284,0.00010008065271397615,0.0,0.02107398911554059,0.00010011174607424111,0.22872501882624136,0.00010022946563461015
0.0005342467757762139,0.0005342369351466143,9.507287674225967e-05,0.009750532126107768,0.042483520877539024,0.0,0.0,0.0,0.0001010389211563986,0.05751190831055396,0.1178692277734582,0.00010009221378564837,0.0,0.0,0.0,0.0,0.015724341550286507,0.03065255693798634,0.07962770933228676,0.039398709682270085,0.0,0.0,0.0,0.0,0.13735326851704535,0.0,0.0,0.0,0.0,0.09433868552876011,0.0,0.1773234727435339,0.0,0.0,0.0,0.0,0.0,0.0,0.0,0.0,0.0,0.0,0.0,0.0,0.0,0.0,0.0,0.0,0.0,0.0,0.0,0.0,0.0,0.0,0.0,0.0,0.016544867755390553,0.0,0.2333537377806832,0.00010038295280303549
0.0005430049196413977,0.0005429950129512871,9.597076093596463e-05,0.009796466757763467,0.0431783237171783,0.0,0.0,0.0,0.0,0.05904241083637884,0.11928846272150212,0.0,0.0,0.0,0.0,0.0,0.014548223927126082,0.026224875317161812,0.0792245233427162,0.033554298627834205,0.0,0.0,0.0,0.0,0.13736579511985358,0.0,0.0,0.0,0.0,0.10026541348463092,0.0,0.1804865933197088,0.0,0.0,0.0,0.0,0.0,0.0,0.0,0.0,0.0,0.0,0.0,0.0,0.0,0.0,0.0,0.0,0.0,0.0,0.0,0.0,0.0,0.0,0.0,0.0,0.01199944631889702,0.0,0.23789972993594352,0.00010022704824691458
0.0005517630635065815,0.0005517531523358724,9.698057933710856e-05,0.00984787181766236,0.043842279868175606,0.0,0.0,0.0,0.0,0.06042344258522963,0.1207809535708461,0.0,0.0,0.0,0.0,0.0,0.013250526419555566,0.02169254706021879,0.07860931131116446,0.02755265646198292,0.0,0.0,0.0,0.0,0.13743251367745135,0.0,0.0,0.0,0.0,0.10606975230298468,0.0,0.1837830151611133,0.00010564170784721652,0.0,0.0,0.0,0.0,0.0,0.0,0.0,0.0,0.0,0.0,0.0,0.0,0.0,0.0,0.0,0.0,0.0001000684486237803,0.0,0.0,0.0,0.00010005335100847025,0.00010007933920697544,0.0,0.0068936045011042685,0.00010010722627550567,0.24290550562198976,0.00010022125339710906
0.0005605212073717654,0.0005605112798941562,9.799619348147893e-05,0.009899302676526207,0.044499223257282734,0.0,0.0,0.0,0.0,0.0618846879944266,0.12222008426664051,0.0,0.0,0.0,0.00010011841712785312,0.0,0.01202416405726439,0.01722470013014042,0.07809250217759199,0.021697627599457894,0.0,0.0,0.0,0.0,0.13749781201563796,0.0,0.0,0.0,0.0,0.11193549353374783,0.0,0.18702310025460195,0.0,0.0,0.0,0.0,0.0,0.0,0.0,0.0,0.0,0.0,0.0,0.0,0.0,0.0,0.0,0.0,0.0,0.00010005490653961988,0.0,0.0,0.0,0.00010004266808747151,0.00010006514836161038,0.0,0.002106795876167671,0.00010008794725244946,0.24769247958594515,0.00010018342100877274
0.0005692793512369493,0.0005692694322921736,9.900081986741468e-05,0.009949915570868663,0.045153089902344845,0.0,0.0,0.0,0.0,0.06318260397755382,0.1238973905086919,0.0,0.0,0.0,0.0,0.0,0.010796851507659718,0.012728360455199645,0.07716280505060627,0.0156634885970171,0.0,0.0,0.0,0.0,0.13828768471740222,0.0,0.0,0.0,0.0,0.11767506461670028,0.0,0.1904014594001607,0.0001037057371108509,0.0,0.0,0.0,0.0,0.0,0.0,0.0,0.00010104106716938771,0.0,0.0,0.0,0.0,0.0,0.0,0.0,0.0,0.0,0.0,0.0,0.0,0.0,0.0,0.0,0.0,0.00010010158808528496,0.24989944277664283,0.0
0.0005780374951021331,0.0005780374951021332,0.00010014464597075964,0.010007229685120635,0.04577065876514972,0.0,0.0,0.0,0.0,0.06391667162638241,0.1258431125835976,0.0,0.0,0.0,0.0,0.0001,0.008948693856567103,0.007805868387532652,0.07569303529728465,0.009223012775532141,0.0,0.0,0.0,0.0,0.14031713850435698,0.0,0.0,0.0,0.0,0.12278974689522054,0.0,0.19496272007352605,0.0,0.0,0.0,0.0,0.0,0.0,0.0,0.0,0.0001,0.0,0.0,0.0001,0.0,0.0,0.0,0.0,0.0,0.0001,0.0,0.0,0.0,0.0,0.0001,0.0001,0.0001,0.0001,0.24960000000000004,0.0001
0.0005867956389673169,0.0005867858926374113,0.00010132554614749462,0.010066059117027607,0.04637225822047903,0.0,0.0,0.0,0.0,0.06517757267695871,0.12829238786872596,0.0,0.0,0.0,0.0,0.0,0.007899992364179605,0.0032460630043881747,0.07344088742475186,0.00282933542824589,0.0,0.0,0.0,0.0,0.14180813190095345,0.0,0.0,0.0,0.0,0.12865142918460706,0.0,0.1982546264704155,0.0,0.0,0.0,0.0,0.0,0.0,0.0,0.0,0.0,0.0,0.0,0.0,0.0,0.0,0.0,0.0,0.00010035043062194691,0.00010022517591798566,0.0,0.0,0.0,0.0001001822162988364,0.00010027165236095803,0.0,0.00011212843800279482,0.00010034605438812794,0.2496853909928583,0.0001006787163248437
0.0005955537828325007,0.0005955438566212799,0.00010253660946308828,0.010126036216757684,0.04696248822755516,0.0,0.0,0.0,0.0,0.06686133938180525,0.1304470498914566,0.0,0.0,0.0,0.0,0.00010216135972695792,0.00513534726381553,0.0001100746928581915,0.06720324299613893,0.0,0.0,0.0,0.0,0.0,0.1418512935236032,0.0,0.0,0.0,0.0,0.13552636098570442,0.0,0.20236287160156907,0.0,0.0,0.0,0.0,0.0,0.0,0.0,0.0,0.0,0.0,0.0,0.00010034498988952415,0.0,0.0,0.0,0.0,0.0,0.00010005932570501916,0.0,0.0,0.0,0.00010004676341328758,0.00010007422562738213,0.0,0.00010270633823443207,0.00010008652147792341,0.24969678116448202,0.00010015897449237376
0.0006043119266976846,0.0006043019891359048,0.00010379673365622782,0.010188068200411097,0.04753619426265353,0.0,0.0,0.0,0.0,0.06959223377622958,0.13263684219192207,0.0,0.0,0.0,0.0,0.00010156325804880131,0.0007722403491224563,0.0,0.05544604724567859,0.00010223089012644596,0.0,0.0,0.0,0.0,0.13985362588377315,0.00010031361250502818,0.0,0.0,0.0,0.14432775887754493,0.0,0.20686454543562663,0.00010141669565237028,0.0,0.0,0.0,0.0,0.0,0.0,0.0,0.00010154045127819086,0.0,0.0,0.0,0.0,0.0,0.0,0.0,0.0,0.0,0.0,0.0,0.0,0.0,0.0,0.00010049403420445061,0.0001015065511328798,0.00010008220143493589,0.24959739498493763,0.00010016356078193877
0.0006130700705628684,0.0006130601719390141,0.00010519548259744917,0.010256484904559124,0.04807301687928613,0.0,0.0,0.0,0.0,0.07248522660044138,0.13495188908086428,0.0,0.0,0.0,0.0,0.0,0.0,0.0,0.04157224754252777,0.0,0.0,0.0,0.0,0.0,0.135529053696132,0.0,0.0,0.0,0.0,0.15353150304688223,0.0,0.21182507735854353,0.0,0.0,0.0,0.0,0.0,0.0,0.0,0.0,0.00010562105727552266,0.0,0.0,0.0,0.0,0.0,0.0,0.0,0.0,0.0,0.0,0.0,0.0,0.0,0.0,0.00010080160903712713,0.0001019168817737807,0.00010014517038763823,0.24959623790737595,0.00010028004875892432
0.0006218282144280522,0.0006218182656728332,0.00010670662628223334,0.010329889945310809,0.0485792460838976,0.0,0.0,0.0,0.0,0.07541735302330899,0.13727819007473416,0.0,0.0,0.0,0.0,0.0,0.0,0.0,0.027070503296158063,0.0,0.0,0.0,0.0,0.0,0.13054987220367467,0.0,0.0,0.0,0.0,0.16274198493160483,0.0,0.21683937809922044,0.0,0.0,0.0,0.0,0.0,0.0,0.0,0.0,0.00010303331909032894,0.0,0.0,0.0,0.0,0.0,0.0,0.0,0.0,0.0,0.0,0.0,0.0,0.0,0.0,0.0,0.00010086969565689782,0.00010006993901381177,0.2496986080491182,0.00010013736841949797
0.000630586358293236,0.0006305764096340001,0.00010833340731817991,0.010408333551447125,0.049054577960082,0.0,0.0,0.0,0.0,0.07828944175155232,0.13961076522380406,0.0,0.0,0.0,0.0,0.0,0.0,0.0,0.012517432201117859,0.0,0.0,0.00010030446238891262,0.0,0.0,0.12554497029428255,0.0,0.0,0.0,0.0,0.17188103745037542,0.0,0.22186709317414438,0.0,0.0,0.0,0.0,0.0,0.0,0.0,0.0,0.00018929405017795842,0.0,0.0,0.0,0.0,0.0,0.0,0.0,0.0,0.0,0.0,0.0,0.0,0.0,0.0,0.0,0.00010066000580480567,0.00010007225943111865,0.2496987881546725,0.00010014097224819582
0.0006393445021584199,0.0006393345459883877,0.000110077612578129,0.010491787863759398,0.04949914664041832,0.0,0.0,0.0,0.0,0.08030078431271787,0.14586992458293485,0.0,0.0,0.0,0.0,0.0,0.0,0.0,0.0,0.0,0.0,0.0,0.0,0.0,0.11847655958080062,0.0,0.0,0.0,0.0,0.17370298282826838,0.0,0.2296874366855168,0.0,0.0,0.0,0.0,0.0,0.0,0.0,0.0,0.001962650594692086,0.0,0.0,0.0,0.0,0.0,0.0,0.0,0.0,0.0,0.0,0.0,0.0,0.0,0.0,0.0,0.00010047057236942019,0.00010006475421706034,0.24969900866900047,0.00010011741948249486
0.0006481026460236038,0.0006480929158630731,0.00011289576924330628,0.010625242079280183,0.049701730268610425,0.0,0.0,0.0,0.0,0.08477940642725063,0.18022587094363152,0.0,0.0,0.0,0.0,0.0,0.0,0.0,0.0,0.0,0.0,0.0,0.0,0.0,0.09413279020669803,0.0,0.0,0.0,0.0,0.13948121851843223,0.0,0.24995881844391632,0.0,0.0,0.0,0.0,0.0,0.0,0.0,0.0,0.001426181140914033,0.0,0.0,0.0,0.0,0.0,0.0,0.0,0.0,0.0,0.0,0.0,0.0,0.0,0.0,0.0,0.0001015196760488273,0.00010052803623318508,0.24969296167197028,0.0001007049349051324
0.0006568607898887876,0.0006568508051922198,0.00011760521393039499,0.0108445937651161,0.049504003268348556,0.0,0.0,0.0,0.0,0.09347647541151703,0.22312286750021923,0.0,0.0,0.0,0.0,0.0,0.0,0.0,0.0,0.0,0.0,0.0,0.0,0.0,0.07331909719324428,0.0,0.0,0.0,0.0,0.10958272286648175,0.0,0.24999947900967256,0.0,0.0,0.0,0.0,0.0,0.0,0.0,0.0,0.0005001860916400553,0.0,0.0,0.0,0.0,0.0,0.0,0.0,0.0,0.0,0.0,0.0,0.0,0.0,0.0,0.0,0.00010006743832405808,0.00010002387770001818,0.24969904997663928,0.00010003063456169249
0.0006656189337539714,0.0006656089409590004,0.0001243832218026145,0.01115272261838402,0.04892159158155919,0.0,0.0,0.0,0.0,0.12550906387084101,0.24999964954671355,0.0,0.0,0.0,0.0,0.0,0.0,0.0,0.0,0.0,0.0,0.0,0.0,0.0,0.05681936376515658,0.0,0.0,0.0,0.0,0.06445294030479622,0.0,0.24999984402278358,0.0,0.0,0.0,0.0,0.0,0.0,0.0,0.0,0.00322110896513906,0.0,0.0,0.0,0.0,0.0,0.0,0.0,0.0,0.0,0.0,0.0,0.0,0.0,0.0,0.0,0.0,0.0,0.24999802952457004,0.0
0.0006743770776191552,0.0006743670843282592,0.00013495421300455723,0.01161697951296107,0.047720415079474963,0.0,0.0,0.0,0.0,0.20742754397316016,0.2499998476051852,0.0,0.0,0.0,0.0,0.0,0.0,0.0,0.0,0.0,0.0,0.0,0.0,0.0,0.04632489431368903,0.0,0.0,0.0,0.0,0.0,0.0,0.2499998879715377,0.0,0.0,0.0,0.0,0.0,0.0,0.0,0.0,0.0,0.0,0.0,0.0,0.0,0.0,0.0,0.0,0.0,0.0,0.0,0.0,0.0,0.0,0.0,0.0,0.0,0.0,0.24624782613642787,0.0
0.0006831352214843391,0.0006831261692209017,0.00015646155659798807,0.0125084594014606,0.045019626410199326,0.0,0.0,0.0,0.0,0.24986027167231933,0.24999415630423288,0.0,0.0,0.0,0.0,0.0,0.0,0.0,0.0,0.0,0.0,0.0,0.0,0.0,0.17490045232033424,0.0,0.0,0.0,0.0,0.0,0.0,0.24998743018572292,0.0,0.0,0.0,0.0,0.0,0.0,0.0,0.0,0.027985311896322737,0.0,0.0,0.0,0.0,0.0,0.0,0.0,0.0,0.0,0.0,0.0,0.0,0.0,0.0,0.0,0.0,0.0,0.04727237762106794,0.0
