target_return,achieved_return,variance,stdev,Stock_1,Stock_2,Stock_3,Stock_4,Stock_5,Stock_6,Stock_7,Stock_8,Stock_9,Stock_10,Stock_11,Stock_12,Stock_13,Stock_14,Stock_15,Stock_16,Stock_17,Stock_18,Stock_19,Stock_20,Stock_21,Stock_22,Stock_23,Stock_24,Stock_25,Stock_26,Stock_27,Stock_28,Stock_29,Stock_30,Stock_31,Stock_32,Stock_33,Stock_34,Stock_35,Stock_36,Stock_37,Stock_38,Stock_39,Stock_40,Stock_42,Stock_43,Stock_44,Stock_45,Stock_46,Stock_47,Stock_48,Stock_49,Stock_50,Stock_51,Stock_52,Stock_53,Stock_55,Stock_56,Stock_57,Stock_58,Stock_59,Stock_60,Stock_61,Stock_62,Stock_63,Stock_65,Stock_66,Stock_67,Stock_68,Stock_69,Stock_70,Stock_71,Stock_72,Stock_73,Stock_74,Stock_75,Stock_76,Stock_77,Stock_78,Stock_79,Stock_80,Stock_81,Stock_82,Stock_83,Stock_84,Stock_85,Stock_86,Stock_87,Stock_89,Stock_90,Stock_91,Stock_92,Stock_93,Stock_94,Stock_95,Stock_96,Stock_97,Stock_98,Stock_99,Stock_100
0.0,0.07224076700883737,3.328870649966065e-05,0.0057696366003120725,0.0,0.010000275702017489,0.019260853515580236,0.0,0.015734568795887444,0.03425530496259375,0.01016090679573163,0.021908348220918927,0.0,0.0,0.0,0.010125627744831715,0.020345522832321866,0.02964842375915928,0.0,0.015226650474118452,0.0,0.011465629131934963,0.012878600893732082,0.039822516201982065,0.0,0.02876064705539965,0.010038017586749477,0.01680779067162024,0.0,0.0,0.0,0.0,0.0,0.0,0.0,0.0,0.0,0.0,0.0,0.0,0.0,0.0,0.0,0.0,0.0,0.0,0.0,0.0,0.0,0.0,0.0,0.0,0.010065039512666057,0.0,0.024612969957482134,0.011862218644851217,0.023977967689133867,0.049429724889422606,0.01281102708581324,0.017085882386747797,0.024863255494348466,0.0,0.01791093404368269,0.01033458236228809,0.010987417778455246,0.0,0.05076627912085614,0.02584899949736252,0.018933371679182364,0.0,0.010276532737257295,0.0,0.03738395520854859,0.0,0.046853292087324534,0.0,0.011358577837218296,0.02115214620304353,0.011827400561579944,0.0,0.0,0.022284439702141858,0.014991544468091209,0.01073394216762413,0.010675927565158474,0.014858485414951373,0.032547933965812556,0.0,0.011804718586077727,0.012389407744458396,0.019094915849470713,0.020931546916298383,0.0,0.0,0.013448292908873064,0.025386191966158933,0.024407446531660854,0.0,0.011663947091378857,0.0
0.0026999999999999997,0.07224076700883737,3.328870649966065e-05,0.0057696366003120725,0.0,0.010000275702017489,0.019260853515580236,0.0,0.015734568795887444,0.03425530496259375,0.01016090679573163,0.021908348220918927,0.0,0.0,0.0,0.010125627744831715,0.020345522832321866,0.02964842375915928,0.0,0.015226650474118452,0.0,0.011465629131934963,0.012878600893732082,0.039822516201982065,0.0,0.02876064705539965,0.010038017586749477,0.01680779067162024,0.0,0.0,0.0,0.0,0.0,0.0,0.0,0.0,0.0,0.0,0.0,0.0,0.0,0.0,0.0,0.0,0.0,0.0,0.0,0.0,0.0,0.0,0.0,0.0,0.010065039512666057,0.0,0.024612969957482134,0.011862218644851217,0.023977967689133867,0.049429724889422606,0.01281102708581324,0.017085882386747797,0.024863255494348466,0.0,0.01791093404368269,0.01033458236228809,0.010987417778455246,0.0,0.05076627912085614,0.02584899949736252,0.018933371679182364,0.0,0.010276532737257295,0.0,0.03738395520854859,0.0,0.046853292087324534,0.0,0.011358577837218296,0.02115214620304353,0.011827400561579944,0.0,0.0,0.022284439702141858,0.014991544468091209,0.01073394216762413,0.010675927565158474,0.014858485414951373,0.032547933965812556,0.0,0.011804718586077727,0.012389407744458396,0.019094915849470713,0.020931546916298383,0.0,0.0,0.013448292908873064,0.025386191966158933,0.024407446531660854,0.0,0.011663947091378857,0.0
0.005399999999999999,0.07224076700883737,3.328870649966065e-05,0.0057696366003120725,0.0,0.010000275702017489,0.019260853515580236,0.0,0.015734568795887444,0.03425530496259375,0.01016090679573163,0.021908348220918927,0.0,0.0,0.0,0.010125627744831715,0.020345522832321866,0.02964842375915928,0.0,0.015226650474118452,0.0,0.011465629131934963,0.012878600893732082,0.039822516201982065,0.0,0.02876064705539965,0.010038017586749477,0.01680779067162024,0.0,0.0,0.0,0.0,0.0,0.0,0.0,0.0,0.0,0.0,0.0,0.0,0.0,0.0,0.0,0.0,0.0,0.0,0.0,0.0,0.0,0.0,0.0,0.0,0.010065039512666057,0.0,0.024612969957482134,0.011862218644851217,0.023977967689133867,0.049429724889422606,0.01281102708581324,0.017085882386747797,0.024863255494348466,0.0,0.01791093404368269,0.01033458236228809,0.010987417778455246,0.0,0.05076627912085614,0.02584899949736252,0.018933371679182364,0.0,0.010276532737257295,0.0,0.03738395520854859,0.0,0.046853292087324534,0.0,0.011358577837218296,0.02115214620304353,0.011827400561579944,0.0,0.0,0.022284439702141858,0.014991544468091209,0.01073394216762413,0.010675927565158474,0.014858485414951373,0.032547933965812556,0.0,0.011804718586077727,0.012389407744458396,0.019094915849470713,0.020931546916298383,0.0,0.0,0.013448292908873064,0.025386191966158933,0.024407446531660854,0.0,0.011663947091378857,0.0
0.0081,0.07224076700883737,3.328870649966065e-05,0.0057696366003120725,0.0,0.010000275702017489,0.019260853515580236,0.0,0.015734568795887444,0.03425530496259375,0.01016090679573163,0.021908348220918927,0.0,0.0,0.0,0.010125627744831715,0.020345522832321866,0.02964842375915928,0.0,0.015226650474118452,0.0,0.011465629131934963,0.012878600893732082,0.039822516201982065,0.0,0.02876064705539965,0.010038017586749477,0.01680779067162024,0.0,0.0,0.0,0.0,0.0,0.0,0.0,0.0,0.0,0.0,0.0,0.0,0.0,0.0,0.0,0.0,0.0,0.0,0.0,0.0,0.0,0.0,0.0,0.0,0.010065039512666057,0.0,0.024612969957482134,0.011862218644851217,0.023977967689133867,0.049429724889422606,0.01281102708581324,0.017085882386747797,0.024863255494348466,0.0,0.01791093404368269,0.01033458236228809,0.010987417778455246,0.0,0.05076627912085614,0.02584899949736252,0.018933371679182364,0.0,0.010276532737257295,0.0,0.03738395520854859,0.0,0.046853292087324534,0.0,0.011358577837218296,0.02115214620304353,0.011827400561579944,0.0,0.0,0.022284439702141858,0.014991544468091209,0.01073394216762413,0.010675927565158474,0.014858485414951373,0.032547933965812556,0.0,0.011804718586077727,0.012389407744458396,0.019094915849470713,0.020931546916298383,0.0,0.0,0.013448292908873064,0.025386191966158933,0.024407446531660854,0.0,0.011663947091378857,0.0
0.010799999999999999,0.07224076700883737,3.328870649966065e-05,0.0057696366003120725,0.0,0.010000275702017489,0.019260853515580236,0.0,0.015734568795887444,0.03425530496259375,0.01016090679573163,0.021908348220918927,0.0,0.0,0.0,0.010125627744831715,0.020345522832321866,0.02964842375915928,0.0,0.015226650474118452,0.0,0.011465629131934963,0.012878600893732082,0.039822516201982065,0.0,0.02876064705539965,0.010038017586749477,0.01680779067162024,0.0,0.0,0.0,0.0,0.0,0.0,0.0,0.0,0.0,0.0,0.0,0.0,0.0,0.0,0.0,0.0,0.0,0.0,0.0,0.0,0.0,0.0,0.0,0.0,0.010065039512666057,0.0,0.024612969957482134,0.011862218644851217,0.023977967689133867,0.049429724889422606,0.01281102708581324,0.017085882386747797,0.024863255494348466,0.0,0.01791093404368269,0.01033458236228809,0.010987417778455246,0.0,0.05076627912085614,0.02584899949736252,0.018933371679182364,0.0,0.010276532737257295,0.0,0.03738395520854859,0.0,0.046853292087324534,0.0,0.011358577837218296,0.02115214620304353,0.011827400561579944,0.0,0.0,0.022284439702141858,0.014991544468091209,0.01073394216762413,0.010675927565158474,0.014858485414951373,0.032547933965812556,0.0,0.011804718586077727,0.012389407744458396,0.019094915849470713,0.020931546916298383,0.0,0.0,0.013448292908873064,0.025386191966158933,0.024407446531660854,0.0,0.011663947091378857,0.0
0.013499999999999998,0.07224076700883737,3.328870649966065e-05,0.0057696366003120725,0.0,0.010000275702017489,0.019260853515580236,0.0,0.015734568795887444,0.03425530496259375,0.01016090679573163,0.021908348220918927,0.0,0.0,0.0,0.010125627744831715,0.020345522832321866,0.02964842375915928,0.0,0.015226650474118452,0.0,0.011465629131934963,0.012878600893732082,0.039822516201982065,0.0,0.02876064705539965,0.010038017586749477,0.01680779067162024,0.0,0.0,0.0,0.0,0.0,0.0,0.0,0.0,0.0,0.0,0.0,0.0,0.0,0.0,0.0,0.0,0.0,0.0,0.0,0.0,0.0,0.0,0.0,0.0,0.010065039512666057,0.0,0.024612969957482134,0.011862218644851217,0.023977967689133867,0.049429724889422606,0.01281102708581324,0.017085882386747797,0.024863255494348466,0.0,0.01791093404368269,0.01033458236228809,0.010987417778455246,0.0,0.05076627912085614,0.02584899949736252,0.018933371679182364,0.0,0.010276532737257295,0.0,0.03738395520854859,0.0,0.046853292087324534,0.0,0.011358577837218296,0.02115214620304353,0.011827400561579944,0.0,0.0,0.022284439702141858,0.014991544468091209,0.01073394216762413,0.010675927565158474,0.014858485414951373,0.032547933965812556,0.0,0.011804718586077727,0.012389407744458396,0.019094915849470713,0.020931546916298383,0.0,0.0,0.013448292908873064,0.025386191966158933,0.024407446531660854,0.0,0.011663947091378857,0.0
0.0162,0.07224076700883737,3.328870649966065e-05,0.0057696366003120725,0.0,0.010000275702017489,0.019260853515580236,0.0,0.015734568795887444,0.03425530496259375,0.01016090679573163,0.021908348220918927,0.0,0.0,0.0,0.010125627744831715,0.020345522832321866,0.02964842375915928,0.0,0.015226650474118452,0.0,0.011465629131934963,0.012878600893732082,0.039822516201982065,0.0,0.02876064705539965,0.010038017586749477,0.01680779067162024,0.0,0.0,0.0,0.0,0.0,0.0,0.0,0.0,0.0,0.0,0.0,0.0,0.0,0.0,0.0,0.0,0.0,0.0,0.0,0.0,0.0,0.0,0.0,0.0,0.010065039512666057,0.0,0.024612969957482134,0.011862218644851217,0.023977967689133867,0.049429724889422606,0.01281102708581324,0.017085882386747797,0.024863255494348466,0.0,0.01791093404368269,0.01033458236228809,0.010987417778455246,0.0,0.05076627912085614,0.02584899949736252,0.018933371679182364,0.0,0.010276532737257295,0.0,0.03738395520854859,0.0,0.046853292087324534,0.0,0.011358577837218296,0.02115214620304353,0.011827400561579944,0.0,0.0,0.022284439702141858,0.014991544468091209,0.01073394216762413,0.010675927565158474,0.014858485414951373,0.032547933965812556,0.0,0.011804718586077727,0.012389407744458396,0.019094915849470713,0.020931546916298383,0.0,0.0,0.013448292908873064,0.025386191966158933,0.024407446531660854,0.0,0.011663947091378857,0.0
0.018899999999999997,0.07224076700883737,3.328870649966065e-05,0.0057696366003120725,0.0,0.010000275702017489,0.019260853515580236,0.0,0.015734568795887444,0.03425530496259375,0.01016090679573163,0.021908348220918927,0.0,0.0,0.0,0.010125627744831715,0.020345522832321866,0.02964842375915928,0.0,0.015226650474118452,0.0,0.011465629131934963,0.012878600893732082,0.039822516201982065,0.0,0.02876064705539965,0.010038017586749477,0.01680779067162024,0.0,0.0,0.0,0.0,0.0,0.0,0.0,0.0,0.0,0.0,0.0,0.0,0.0,0.0,0.0,0.0,0.0,0.0,0.0,0.0,0.0,0.0,0.0,0.0,0.010065039512666057,0.0,0.024612969957482134,0.011862218644851217,0.023977967689133867,0.049429724889422606,0.01281102708581324,0.017085882386747797,0.024863255494348466,0.0,0.01791093404368269,0.01033458236228809,0.010987417778455246,0.0,0.05076627912085614,0.02584899949736252,0.018933371679182364,0.0,0.010276532737257295,0.0,0.03738395520854859,0.0,0.046853292087324534,0.0,0.011358577837218296,0.02115214620304353,0.011827400561579944,0.0,0.0,0.022284439702141858,0.014991544468091209,0.01073394216762413,0.010675927565158474,0.014858485414951373,0.032547933965812556,0.0,0.011804718586077727,0.012389407744458396,0.019094915849470713,0.020931546916298383,0.0,0.0,0.013448292908873064,0.025386191966158933,0.024407446531660854,0.0,0.011663947091378857,0.0
0.021599999999999998,0.07224076700883737,3.328870649966065e-05,0.0057696366003120725,0.0,0.010000275702017489,0.019260853515580236,0.0,0.015734568795887444,0.03425530496259375,0.01016090679573163,0.021908348220918927,0.0,0.0,0.0,0.010125627744831715,0.020345522832321866,0.02964842375915928,0.0,0.015226650474118452,0.0,0.011465629131934963,0.012878600893732082,0.039822516201982065,0.0,0.02876064705539965,0.010038017586749477,0.01680779067162024,0.0,0.0,0.0,0.0,0.0,0.0,0.0,0.0,0.0,0.0,0.0,0.0,0.0,0.0,0.0,0.0,0.0,0.0,0.0,0.0,0.0,0.0,0.0,0.0,0.010065039512666057,0.0,0.024612969957482134,0.011862218644851217,0.023977967689133867,0.049429724889422606,0.01281102708581324,0.017085882386747797,0.024863255494348466,0.0,0.01791093404368269,0.01033458236228809,0.010987417778455246,0.0,0.05076627912085614,0.02584899949736252,0.018933371679182364,0.0,0.010276532737257295,0.0,0.03738395520854859,0.0,0.046853292087324534,0.0,0.011358577837218296,0.02115214620304353,0.011827400561579944,0.0,0.0,0.022284439702141858,0.014991544468091209,0.01073394216762413,0.010675927565158474,0.014858485414951373,0.032547933965812556,0.0,0.011804718586077727,0.012389407744458396,0.019094915849470713,0.020931546916298383,0.0,0.0,0.013448292908873064,0.025386191966158933,0.024407446531660854,0.0,0.011663947091378857,0.0
0.0243,0.07224076700883737,3.328870649966065e-05,0.0057696366003120725,0.0,0.010000275702017489,0.019260853515580236,0.0,0.015734568795887444,0.03425530496259375,0.01016090679573163,0.021908348220918927,0.0,0.0,0.0,0.010125627744831715,0.020345522832321866,0.02964842375915928,0.0,0.015226650474118452,0.0,0.011465629131934963,0.012878600893732082,0.039822516201982065,0.0,0.02876064705539965,0.010038017586749477,0.01680779067162024,0.0,0.0,0.0,0.0,0.0,0.0,0.0,0.0,0.0,0.0,0.0,0.0,0.0,0.0,0.0,0.0,0.0,0.0,0.0,0.0,0.0,0.0,0.0,0.0,0.010065039512666057,0.0,0.024612969957482134,0.011862218644851217,0.023977967689133867,0.049429724889422606,0.01281102708581324,0.017085882386747797,0.024863255494348466,0.0,0.01791093404368269,0.01033458236228809,0.010987417778455246,0.0,0.05076627912085614,0.02584899949736252,0.018933371679182364,0.0,0.010276532737257295,0.0,0.03738395520854859,0.0,0.046853292087324534,0.0,0.011358577837218296,0.02115214620304353,0.011827400561579944,0.0,0.0,0.022284439702141858,0.014991544468091209,0.01073394216762413,0.010675927565158474,0.014858485414951373,0.032547933965812556,0.0,0.011804718586077727,0.012389407744458396,0.019094915849470713,0.020931546916298383,0.0,0.0,0.013448292908873064,0.025386191966158933,0.024407446531660854,0.0,0.011663947091378857,0.0
0.026999999999999996,0.07224076700883737,3.328870649966065e-05,0.0057696366003120725,0.0,0.010000275702017489,0.019260853515580236,0.0,0.015734568795887444,0.03425530496259375,0.01016090679573163,0.021908348220918927,0.0,0.0,0.0,0.010125627744831715,0.020345522832321866,0.02964842375915928,0.0,0.015226650474118452,0.0,0.011465629131934963,0.012878600893732082,0.039822516201982065,0.0,0.02876064705539965,0.010038017586749477,0.01680779067162024,0.0,0.0,0.0,0.0,0.0,0.0,0.0,0.0,0.0,0.0,0.0,0.0,0.0,0.0,0.0,0.0,0.0,0.0,0.0,0.0,0.0,0.0,0.0,0.0,0.010065039512666057,0.0,0.024612969957482134,0.011862218644851217,0.023977967689133867,0.049429724889422606,0.01281102708581324,0.017085882386747797,0.024863255494348466,0.0,0.01791093404368269,0.01033458236228809,0.010987417778455246,0.0,0.05076627912085614,0.02584899949736252,0.018933371679182364,0.0,0.010276532737257295,0.0,0.03738395520854859,0.0,0.046853292087324534,0.0,0.011358577837218296,0.02115214620304353,0.011827400561579944,0.0,0.0,0.022284439702141858,0.014991544468091209,0.01073394216762413,0.010675927565158474,0.014858485414951373,0.032547933965812556,0.0,0.011804718586077727,0.012389407744458396,0.019094915849470713,0.020931546916298383,0.0,0.0,0.013448292908873064,0.025386191966158933,0.024407446531660854,0.0,0.011663947091378857,0.0
0.029699999999999997,0.07224076700883737,3.328870649966065e-05,0.0057696366003120725,0.0,0.010000275702017489,0.019260853515580236,0.0,0.015734568795887444,0.03425530496259375,0.01016090679573163,0.021908348220918927,0.0,0.0,0.0,0.010125627744831715,0.020345522832321866,0.02964842375915928,0.0,0.015226650474118452,0.0,0.011465629131934963,0.012878600893732082,0.039822516201982065,0.0,0.02876064705539965,0.010038017586749477,0.01680779067162024,0.0,0.0,0.0,0.0,0.0,0.0,0.0,0.0,0.0,0.0,0.0,0.0,0.0,0.0,0.0,0.0,0.0,0.0,0.0,0.0,0.0,0.0,0.0,0.0,0.010065039512666057,0.0,0.024612969957482134,0.011862218644851217,0.023977967689133867,0.049429724889422606,0.01281102708581324,0.017085882386747797,0.024863255494348466,0.0,0.01791093404368269,0.01033458236228809,0.010987417778455246,0.0,0.05076627912085614,0.02584899949736252,0.018933371679182364,0.0,0.010276532737257295,0.0,0.03738395520854859,0.0,0.046853292087324534,0.0,0.011358577837218296,0.02115214620304353,0.011827400561579944,0.0,0.0,0.022284439702141858,0.014991544468091209,0.01073394216762413,0.010675927565158474,0.014858485414951373,0.032547933965812556,0.0,0.011804718586077727,0.012389407744458396,0.019094915849470713,0.020931546916298383,0.0,0.0,0.013448292908873064,0.025386191966158933,0.024407446531660854,0.0,0.011663947091378857,0.0
0.0324,0.07224076700883737,3.328870649966065e-05,0.0057696366003120725,0.0,0.010000275702017489,0.019260853515580236,0.0,0.015734568795887444,0.03425530496259375,0.01016090679573163,0.021908348220918927,0.0,0.0,0.0,0.010125627744831715,0.020345522832321866,0.02964842375915928,0.0,0.015226650474118452,0.0,0.011465629131934963,0.012878600893732082,0.039822516201982065,0.0,0.02876064705539965,0.010038017586749477,0.01680779067162024,0.0,0.0,0.0,0.0,0.0,0.0,0.0,0.0,0.0,0.0,0.0,0.0,0.0,0.0,0.0,0.0,0.0,0.0,0.0,0.0,0.0,0.0,0.0,0.0,0.010065039512666057,0.0,0.024612969957482134,0.011862218644851217,0.023977967689133867,0.049429724889422606,0.01281102708581324,0.017085882386747797,0.024863255494348466,0.0,0.01791093404368269,0.01033458236228809,0.010987417778455246,0.0,0.05076627912085614,0.02584899949736252,0.018933371679182364,0.0,0.010276532737257295,0.0,0.03738395520854859,0.0,0.046853292087324534,0.0,0.011358577837218296,0.02115214620304353,0.011827400561579944,0.0,0.0,0.022284439702141858,0.014991544468091209,0.01073394216762413,0.010675927565158474,0.014858485414951373,0.032547933965812556,0.0,0.011804718586077727,0.012389407744458396,0.019094915849470713,0.020931546916298383,0.0,0.0,0.013448292908873064,0.025386191966158933,0.024407446531660854,0.0,0.011663947091378857,0.0
0.0351,0.07224076700883737,3.328870649966065e-05,0.0057696366003120725,0.0,0.010000275702017489,0.019260853515580236,0.0,0.015734568795887444,0.03425530496259375,0.01016090679573163,0.021908348220918927,0.0,0.0,0.0,0.010125627744831715,0.020345522832321866,0.02964842375915928,0.0,0.015226650474118452,0.0,0.011465629131934963,0.012878600893732082,0.039822516201982065,0.0,0.02876064705539965,0.010038017586749477,0.01680779067162024,0.0,0.0,0.0,0.0,0.0,0.0,0.0,0.0,0.0,0.0,0.0,0.0,0.0,0.0,0.0,0.0,0.0,0.0,0.0,0.0,0.0,0.0,0.0,0.0,0.010065039512666057,0.0,0.024612969957482134,0.011862218644851217,0.023977967689133867,0.049429724889422606,0.01281102708581324,0.017085882386747797,0.024863255494348466,0.0,0.01791093404368269,0.01033458236228809,0.010987417778455246,0.0,0.05076627912085614,0.02584899949736252,0.018933371679182364,0.0,0.010276532737257295,0.0,0.03738395520854859,0.0,0.046853292087324534,0.0,0.011358577837218296,0.02115214620304353,0.011827400561579944,0.0,0.0,0.022284439702141858,0.014991544468091209,0.01073394216762413,0.010675927565158474,0.014858485414951373,0.032547933965812556,0.0,0.011804718586077727,0.012389407744458396,0.019094915849470713,0.020931546916298383,0.0,0.0,0.013448292908873064,0.025386191966158933,0.024407446531660854,0.0,0.011663947091378857,0.0
0.03779999999999999,0.07224076700883737,3.328870649966065e-05,0.0057696366003120725,0.0,0.010000275702017489,0.019260853515580236,0.0,0.015734568795887444,0.03425530496259375,0.01016090679573163,0.021908348220918927,0.0,0.0,0.0,0.010125627744831715,0.020345522832321866,0.02964842375915928,0.0,0.015226650474118452,0.0,0.011465629131934963,0.012878600893732082,0.039822516201982065,0.0,0.02876064705539965,0.010038017586749477,0.01680779067162024,0.0,0.0,0.0,0.0,0.0,0.0,0.0,0.0,0.0,0.0,0.0,0.0,0.0,0.0,0.0,0.0,0.0,0.0,0.0,0.0,0.0,0.0,0.0,0.0,0.010065039512666057,0.0,0.024612969957482134,0.011862218644851217,0.023977967689133867,0.049429724889422606,0.01281102708581324,0.017085882386747797,0.024863255494348466,0.0,0.01791093404368269,0.01033458236228809,0.010987417778455246,0.0,0.05076627912085614,0.02584899949736252,0.018933371679182364,0.0,0.010276532737257295,0.0,0.03738395520854859,0.0,0.046853292087324534,0.0,0.011358577837218296,0.02115214620304353,0.011827400561579944,0.0,0.0,0.022284439702141858,0.014991544468091209,0.01073394216762413,0.010675927565158474,0.014858485414951373,0.032547933965812556,0.0,0.011804718586077727,0.012389407744458396,0.019094915849470713,0.020931546916298383,0.0,0.0,0.013448292908873064,0.025386191966158933,0.024407446531660854,0.0,0.011663947091378857,0.0
0.040499999999999994,0.0722646296601332,3.329024323917273e-05,0.0057697697734981354,0.0,0.010000247275245552,0.019257542848355777,0.0,0.01572890461881418,0.03424878049428056,0.010189454943441633,0.02189728543942701,0.0,0.0,0.0,0.010147759297190681,0.02033736347895027,0.029638427311511135,0.0,0.015215361584455626,0.0,0.01147473453527357,0.012875600328626436,0.039815499312395766,0.0,0.02875618976332594,0.010031170544742334,0.016798237182173364,0.0,0.0,0.0,0.0,0.0,0.0,0.0,0.0,0.0,0.0,0.0,0.0,0.0,0.0,0.0,0.0,0.0,0.0,0.0,0.0,0.0,0.0,0.0,0.0,0.0100702801175112,0.0,0.024610575265088926,0.011833030995481726,0.02397025307405769,0.049403761981291795,0.012806738403632067,0.017079252377681434,0.024868415961027186,0.0,0.017910580266920623,0.010340213584323334,0.01100951246521267,0.0,0.0507645381191317,0.025840854137558444,0.018916628993798874,0.0,0.01028893949464308,0.0,0.037362566792595114,0.0,0.046862915889489584,0.0,0.011388316489706691,0.02113898481215194,0.011849912779590415,0.0,0.0,0.02227395181927885,0.01499312078538091,0.010757412325398102,0.010734334274493867,0.01485708113584275,0.03254991845825774,0.0,0.011815461492250984,0.012377053605371672,0.019093055577788978,0.020926213401073583,0.0,0.0,0.013440780689197537,0.025374981494803214,0.02440827440073725,0.0,0.011669529581020015,0.0
0.043199999999999995,0.07226603881201699,3.329033810309504e-05,0.005769777994264168,0.0,0.01000024741384046,0.019257116742866818,0.0,0.015728482700732346,0.034248056711910696,0.010190438491264303,0.021896635724071974,0.0,0.0,0.0,0.010148316883243028,0.020336798793513182,0.029637821326370273,0.0,0.015214935839158332,0.0,0.01147616470515075,0.012876007621125288,0.03981508637307452,0.0,0.028755747514095813,0.010030602989476882,0.01679779388237874,0.0,0.0,0.0,0.0,0.0,0.0,0.0,0.0,0.0,0.0,0.0,0.0,0.0,0.0,0.0,0.0,0.0,0.0,0.0,0.0,0.0,0.0,0.0,0.0,0.010070431348993148,0.0,0.024610172500363802,0.0118323403095344,0.023969653979270655,0.04940251515324891,0.012806934346460458,0.017078925783554175,0.024868386430772826,0.0,0.017910274151746088,0.010342546959053,0.01101090537852112,0.0,0.050764233876075586,0.025840303487928394,0.018915908418327257,0.0,0.010290158720046008,0.0,0.03736149640368314,0.0,0.04686278766856526,0.0,0.011389642215607046,0.021138471016537888,0.011850940023645375,0.0,0.0,0.02227329685762558,0.014993442209363324,0.010758581470984439,0.010735722959623587,0.01485688764574527,0.03254963556218263,0.0,0.011816627721885652,0.012376807903060043,0.01909279721043645,0.02092578966240061,0.0,0.0,0.013440448848114114,0.025374254883889034,0.024407873153694918,0.0,0.011670552026786275,0.0
0.045899999999999996,0.07226965737468767,3.329086433835995e-05,0.0057698235968147195,0.0,0.010000295847834774,0.019255885483523083,0.0,0.015727849547579973,0.034245544938433965,0.010192988231888333,0.02189337776914378,0.0,0.0,0.0,0.010150275554809123,0.020335579683538448,0.029634350702184883,0.0,0.015214944411455024,0.0,0.011479508186519006,0.012881390717545677,0.039810378291639144,0.0,0.02875441604974042,0.01003058303784341,0.016797754742387757,0.0,0.0,0.0,0.0,0.0,0.0,0.0,0.0,0.0,0.0,0.0,0.0,0.0,0.0,0.0,0.0,0.0,0.0,0.0,0.0,0.0,0.0,0.0,0.0,0.010071554352177024,0.0,0.024608381181180826,0.011833546016126436,0.023968029255940777,0.04939965156750663,0.012808367213120814,0.017078523818841975,0.024867855516002565,0.0,0.01790933250922226,0.010346844351802144,0.011014208786259558,0.0,0.050762224758916695,0.02583902710788742,0.018913421536461146,0.0,0.01029310470766788,0.0,0.03735910761740922,0.0,0.04686050611444406,0.0,0.011393104213050842,0.021137546940805253,0.011853863066312196,0.0,0.0,0.02227178649360574,0.01499397125349281,0.010762546648616316,0.010739054399691765,0.014856926971904057,0.032547951466612636,0.0,0.011820528336614802,0.012377786708667975,0.019092099692960985,0.02092499449456753,0.0,0.0,0.013440723635933662,0.025369676288367282,0.02440477501580181,0.0,0.01167385476596022,0.0
0.0486,0.0722712645765411,3.3290964818704166e-05,0.005769832304209904,0.0,0.010000297199638106,0.01925545155507697,0.0,0.015727395829610948,0.03424476576794207,0.010194037533943724,0.021892613552501657,0.0,0.0,0.0,0.010150827223995407,0.020334961993589588,0.02963363984730116,0.0,0.015214473943967103,0.0,0.011481119312051861,0.01288172534500907,0.039810035856804225,0.0,0.028753957650734754,0.010029962278423106,0.01679726006533206,0.0,0.0,0.0,0.0,0.0,0.0,0.0,0.0,0.0,0.0,0.0,0.0,0.0,0.0,0.0,0.0,0.0,0.0,0.0,0.0,0.0,0.0,0.0,0.0,0.010071676808063215,0.0,0.024607972121822887,0.011832741167165208,0.023967410349248496,0.049398108792134236,0.012808697521512999,0.017078180294683495,0.0248678725283429,0.0,0.017909057863821232,0.010349461774219219,0.011015818146176437,0.0,0.05076181995882457,0.025838383823953804,0.01891258069736628,0.0,0.010294410298602523,0.0,0.03735780973065789,0.0,0.046860378016330376,0.0,0.011394569551054522,0.021136949345822924,0.01185499618438864,0.0,0.0,0.02227102338306602,0.01499444007928677,0.010763785446035899,0.010740508259815117,0.014856740444983273,0.03254766000183269,0.0,0.011821862960697488,0.01237758554612406,0.019091873249625708,0.020924498337983318,0.0,0.0,0.01344036682667012,0.02536885145106153,0.02440438207813435,0.0,0.011675002004569952,0.0
0.05129999999999999,0.07227285808912179,3.329102134951859e-05,0.005769837203034293,0.0,0.010000298194285587,0.0192550045813116,0.0,0.015726980605551014,0.03424428672930822,0.010195102128738727,0.021891743186334762,0.0,0.0,0.0,0.01015136090043642,0.020334321748341065,0.029632913468815664,0.0,0.015213891413054473,0.0,0.011483155421882787,0.012881883835532607,0.03980961673569115,0.0,0.02875358438609814,0.010029311246639916,0.016796834762954155,0.0,0.0,0.0,0.0,0.0,0.0,0.0,0.0,0.0,0.0,0.0,0.0,0.0,0.0,0.0,0.0,0.0,0.0,0.0,0.0,0.0,0.0,0.0,0.0,0.010071750925393159,0.0,0.024607563499514703,0.011831930516137085,0.023966927795812654,0.049396330772553766,0.012809170237375758,0.01707799259862111,0.0248680734809186,0.0,0.01790896816697056,0.01035264839894279,0.011017585936419707,0.0,0.05076117584501301,0.02583777157377577,0.018911708062996593,0.0,0.010292489426155729,0.0,0.037356346697224464,0.0,0.04686041022874753,0.0,0.011396367546508695,0.02113627206766998,0.01185659875362173,0.0,0.0,0.02227035087626656,0.014995062874014855,0.010765045291001432,0.010741885217726812,0.014856684929157999,0.03254742612066423,0.0,0.011823335580837434,0.012377432756374837,0.01909181065160337,0.02092404679110835,0.0,0.0,0.013440042888120347,0.025367948190574988,0.024404340532416278,0.0,0.011676215424782666,0.0
0.05399999999999999,0.07227484679910473,3.329113187345911e-05,0.00576984678076109,0.0,0.010000299619900748,0.019254478167581038,0.0,0.01572646881947318,0.034243457416592946,0.010196146181201137,0.021890757227519785,0.0,0.0,0.0,0.01015183681649863,0.02033363403332027,0.029632014357105607,0.0,0.0152133542399941,0.0,0.011485062767860202,0.01288221537563384,0.0398090137446858,0.0,0.028753157775300263,0.010028621508718789,0.01679626344062649,0.0,0.0,0.0,0.0,0.0,0.0,0.0,0.0,0.0,0.0,0.0,0.0,0.0,0.0,0.0,0.0,0.0,0.0,0.0,0.0,0.0,0.0,0.0,0.0,0.010071847458711519,0.0,0.024607051854532446,0.011831143172882183,0.02396634547572073,0.049394248514549544,0.012809777154715506,0.01707763336072612,0.024868114262453143,0.0,0.01790879004321327,0.010355511206046497,0.011019594924689985,0.0,0.050760358173538994,0.02583699121441509,0.01891066428594959,0.0,0.010293839453199652,0.0,0.03735467034912242,0.0,0.046860080752584576,0.0,0.011398180222200238,0.021135531687554616,0.011857965774098627,0.0,0.0,0.022269342815210976,0.014995838907948193,0.010766493167998808,0.010743614477062147,0.014856538092395706,0.03254698279020711,0.0,0.0118251361832073,0.012377308037927337,0.01909168100354119,0.020923372053630415,0.0,0.0,0.013439701788632179,0.025367032846253773,0.024404037462775474,0.0,0.011677799540291856,0.0
0.05669999999999999,0.07227688753877441,3.329121505938456e-05,0.0057698539894337495,0.0,0.010000300628130362,0.01925425863225039,0.0,0.015726002373490287,0.034242584644533086,0.010197162371361285,0.021889702971299267,0.0,0.0,0.0,0.010152218570995625,0.0203329870310824,0.0296310579794244,0.0,0.015212870862880689,0.0,0.011487018252083326,0.012882190050990838,0.03980871115709319,0.0,0.028752736949972355,0.010027923680006434,0.01679572862877468,0.0,0.0,0.0,0.0,0.0,0.0,0.0,0.0,0.0,0.0,0.0,0.0,0.0,0.0,0.0,0.0,0.0,0.0,0.0,0.0,0.0,0.0,0.0,0.0,0.010071789613896693,0.0,0.024606819425599023,0.011829959369699735,0.023965848747955473,0.04939184225073053,0.012810575040795602,0.017077321970468223,0.02486840851460857,0.0,0.0179087253026749,0.010358479567528224,0.011021658359818361,0.0,0.05075979795939961,0.025836160206630966,0.018909601866801025,0.0,0.010295108457543474,0.0,0.037352775805065144,0.0,0.0468600059767664,0.0,0.011399912731270211,0.021134771943714444,0.011859310027970135,0.0,0.0,0.022268191582853133,0.014996843103221977,0.010767738737248045,0.010745015086355038,0.014856398861595961,0.032546823228048166,0.0,0.011826802558048749,0.012377336025680533,0.01909164196025101,0.02092253868212437,0.0,0.0,0.01343931417518008,0.02536608688284579,0.024403765247626552,0.0,0.01167917594561543,0.0
0.059399999999999994,0.07227924967682356,3.3291281602110916e-05,0.005769859755844237,0.0,0.010000301249902012,0.01925432834832074,0.0,0.01572558584100633,0.03424160098288012,0.01019810109458617,0.021888409012321957,0.0,0.0,0.0,0.01015246134734699,0.020332379299309256,0.029629912681297915,0.0,0.015212483100273426,0.0,0.011489163882194415,0.01288194032093088,0.03980842338193409,0.0,0.028752364679928626,0.010027214000922062,0.01679525324109652,0.0,0.0,0.0,0.0,0.0,0.0,0.0,0.0,0.0,0.0,0.0,0.0,0.0,0.0,0.0,0.0,0.0,0.0,0.0,0.0,0.0,0.0,0.0,0.0,0.010071592146656141,0.0,0.024606784006880652,0.01182852070621092,0.023965532283787342,0.049388663405736215,0.01281176922799252,0.017077097922281053,0.024868975732660396,0.0,0.017908892940421924,0.010361505564358905,0.011023975463002425,0.0,0.050759050587215804,0.02583520734232129,0.018908456846901206,0.0,0.010296287958852573,0.0,0.03735038476830127,0.0,0.04685987466379796,0.0,0.011401781600474158,0.021133930478014755,0.01186078544310272,0.0,0.0,0.02226664620332325,0.014998265243290473,0.010768949505009744,0.010746299274713194,0.014856322825086171,0.03254677851331714,0.0,0.011828637378672166,0.012377637686661197,0.0190918093913597,0.020921333443996666,0.0,0.0,0.013438951535913223,0.025365126326874397,0.024403604080470678,0.0,0.011680647038090379,0.0
0.062099999999999995,0.07228238992877659,3.3291326930212655e-05,0.0057698636838501354,0.0,0.010000301183340575,0.01925506124875251,0.0,0.015725299840127317,0.034240270045494424,0.010198911218225647,0.021886541474912972,0.0,0.0,0.0,0.01015249919090728,0.02033186839596337,0.029628327131929023,0.0,0.01521237672681821,0.0,0.01149169290504944,0.012881382527753192,0.039808064475015364,0.0,0.028752065498274557,0.010026518327197831,0.016794956330604544,0.0,0.0,0.0,0.0,0.0,0.0,0.0,0.0,0.0,0.0,0.0,0.0,0.0,0.0,0.0,0.0,0.0,0.0,0.0,0.0,0.0,0.0,0.0,0.0,0.010071182662369858,0.0,0.024607145674847446,0.011826682015379952,0.02396561644550527,0.04938367955941997,0.012813762102302194,0.017077095873067542,0.024870133987397423,0.0,0.01790957561334433,0.010364565614750508,0.011026850709228498,0.0,0.05075775459950765,0.02583398758254732,0.01890719218981264,0.0,0.010297326492984473,0.0,0.037346850444908215,0.0,0.04685944317475801,0.0,0.01140396570491018,0.021132928239795613,0.011862562120892959,0.0,0.0,0.022264118746940963,0.015000590082359582,0.010770218198968486,0.010747508326925117,0.014856379814047199,0.0325469106762801,0.0,0.011830829095454513,0.012378546672981848,0.019092435004227335,0.020919199467898622,0.0,0.0,0.013438674216884529,0.025364166635769753,0.024403647773120384,0.0,0.011682337960045404,0.0
0.0648,0.07228773448114333,3.3291342474322004e-05,0.005769865030858348,0.0,0.010000299539303065,0.019257620510053,0.0,0.0157254559859474,0.03423789147603654,0.01019948788995195,0.021883119178515285,0.0,0.0,0.0,0.010152193446896444,0.02033170623683436,0.02962558899318924,0.0,0.015213222528275271,0.0,0.011495072850572045,0.01288025891924384,0.03980722396443698,0.0,0.028751980037413614,0.010025882752547904,0.01679528018911412,0.0,0.0,0.0,0.0,0.0,0.0,0.0,0.0,0.0,0.0,0.0,0.0,0.0,0.0,0.0,0.0,0.0,0.0,0.0,0.0,0.0,0.0,0.0,0.0,0.010070403562331623,0.0,0.02460850578758128,0.011824003733500845,0.02396686822027395,0.04937373857699333,0.012817677009732907,0.017077799645751422,0.024872849875549632,0.0,0.017911720913836027,0.010367603767644794,0.011031193411886197,0.0,0.05075461258391782,0.02583212846157571,0.01890581854522889,0.0,0.010298088586001525,0.0,0.037340238423136524,0.0,0.0468577680244517,0.0,0.011406876141625525,0.021131617992824033,0.011865036440644251,0.0,0.0,0.02225875449858891,0.015005138926230444,0.010771926697919723,0.010748871718300955,0.014856801809735622,0.032547310871929525,0.0,0.011833811824730296,0.012381076372516864,0.019094374895958506,0.020914369607186237,0.0,0.0,0.013438646581584165,0.025363376201946494,0.024404232703827473,0.0,0.011684473086725588,0.0
0.06749999999999999,0.07230091441385583,3.329111306988794e-05,0.005769845151292012,0.0,0.010000282760675208,0.019267602891744774,0.0,0.015727462747382872,0.034232000434060356,0.010199041672914907,0.021874513358623487,0.0,0.0,0.0,0.010150775033372205,0.020333092986755397,0.02961888464601118,0.0,0.015217833764180915,0.0,0.011500706696017977,0.012874655214089176,0.03980528692557193,0.0,0.028752850413764477,0.010025092353810994,0.016797787177409054,0.0,0.0,0.0,0.0,0.0,0.0,0.0,0.0,0.0,0.0,0.0,0.0,0.0,0.0,0.0,0.0,0.0,0.0,0.0,0.0,0.0,0.0,0.0,0.0,0.010068666860777528,0.0,0.02461441596889692,0.011818278254701385,0.02397273335614108,0.04934561939719601,0.012827507901855034,0.017078595151208315,0.024881754487541277,0.0,0.0179194259887333,0.010370276888547882,0.011041107856294806,0.0,0.050745129135880224,0.02582825001608246,0.018904731429067876,0.0,0.010297978404295874,0.0,0.037322791603435185,0.0,0.04685192822306861,0.0,0.011411864777369296,0.021129560960077006,0.011869338747845015,0.0,0.0,0.022242800132182192,0.015016626358934707,0.01077516939227233,0.010751924690433338,0.014858277726869476,0.032549305325674266,0.0,0.011839167388369251,0.012388888989853181,0.019101189367277945,0.02089950792930673,0.0,0.0,0.013439174637617242,0.02536371846946979,0.02440874798592069,0.0,0.011687677120418854,0.0
0.0702,0.07236660962746035,3.329178186750363e-05,0.0057699031072890325,0.0,0.010000264190487433,0.01930991522399358,0.0,0.01573892862821264,0.03420086368852265,0.010200550070595697,0.02183255600991171,0.0,0.0,0.0,0.010150690136805161,0.020341455528352946,0.029587875056717592,0.0,0.015243117301359231,0.0,0.01152324263064747,0.012865325790953907,0.03978225760883952,0.0,0.028757844692519272,0.01002467858194494,0.01681331038842673,0.0,0.0,0.0,0.0,0.0,0.0,0.0,0.0,0.0,0.0,0.0,0.0,0.0,0.0,0.0,0.0,0.0,0.0,0.0,0.0,0.0,0.0,0.0,0.0,0.01006734682196555,0.0,0.024635358549141655,0.011804259479427058,0.024002284707589753,0.049212019621051685,0.012868551119552442,0.017098527467425118,0.024920044894486015,0.0,0.017957522914105357,0.01037907373586555,0.011086117325160743,0.0,0.05068460466155201,0.02581152717155701,0.018903277668349528,0.0,0.010301372142744654,0.0,0.037240504688567544,0.0,0.04680831307702425,0.0,0.011433710778345398,0.021122670648463616,0.011888155684518318,0.0,0.0,0.022162951335246015,0.015064798825427337,0.010798618422377487,0.010775965970589246,0.01486635061971574,0.032548116098305116,0.0,0.01186266802157685,0.012424480972384355,0.0191358564096975,0.020825022751173653,0.0,0.0,0.013444405986352156,0.025368459958541038,0.024422130676963354,0.0,0.01170205526646649,0.0
0.07289999999999999,0.07293047840264572,3.330749982920058e-05,0.005771265011173944,0.0,0.010000294122826667,0.019637038734446884,0.0,0.015839736709954505,0.03394983618694721,0.010227612357140672,0.02149248021566149,0.0,0.0,0.0,0.01017292844510657,0.020418078573749065,0.029334973534943038,0.0,0.015456207447844685,0.0,0.01169024919051444,0.01279578364953569,0.03954331746178804,0.0,0.0288116774491792,0.01001956080145118,0.01694087008300215,0.0,0.0,0.0,0.0,0.0,0.0,0.0,0.0,0.0,0.0,0.0,0.0,0.0,0.0,0.0,0.0,0.0,0.0,0.0,0.0,0.0,0.0,0.0,0.0,0.010084628110250146,0.0,0.024791329703756564,0.011716211396993758,0.024256544444709264,0.04810341055512191,0.013171795112411707,0.01726489628392591,0.025226932751932843,0.0,0.01828469006110602,0.01045843707680073,0.0115003546323868,0.0,0.050126758273827676,0.02568056229233757,0.01889874141133379,0.0,0.01034976813861823,0.0,0.03656380796935009,0.0,0.04640493056144212,0.0,0.01160443430701719,0.02107483894962384,0.01202802750223883,0.0,0.0,0.021489016444800186,0.015427253304588886,0.01104038412328801,0.011045223352336223,0.01493105997033106,0.03250562016827619,0.0,0.01204610345764959,0.012696540469535469,0.019435031269438487,0.02020129162441358,0.0,0.0,0.013484199400653894,0.025422191402996987,0.024545647506523313,0.0,0.011808693005891581,0.0
0.07559999999999999,0.07561417961667788,3.3543019763484225e-05,0.0057916336005900985,0.0,0.010002281705807236,0.020944285626014972,0.0,0.016223191581828784,0.03289031882897887,0.01038428308656868,0.019912715272409044,0.0,0.0,0.0,0.010309072668847737,0.020685994644622802,0.028101679665563144,0.0,0.016293765985463834,0.0,0.012505018167884293,0.012536982488472435,0.0382965074682741,0.0,0.029053123211854253,0.010015292770867691,0.017372820011534628,0.0,0.0,0.0,0.0,0.0,0.0,0.0,0.0,0.0,0.0,0.0,0.0,0.0,0.0,0.0,0.0,0.0,0.0,0.0,0.0,0.0,0.0,0.0,0.0,0.010209349318436957,0.0,0.02538001662595614,0.011383824892671911,0.02529875819387281,0.043039231059470995,0.014472629582180352,0.017917045232163933,0.026541279467365578,0.0,0.019713729122321354,0.010923722547867169,0.013935541884717713,0.0,0.04748546249011645,0.025031192444525455,0.018688754425678293,0.0,0.010637668594248839,0.0,0.033417760209715736,0.0,0.044633741908430044,0.0,0.01244352083788598,0.020736414974376595,0.012695331898471877,0.0,0.0,0.018539336510005753,0.0170528222834234,0.01253126012206864,0.012752133086681092,0.015208450860244822,0.032223163709743076,0.0,0.012895371006037158,0.013812653046202676,0.020744456185969897,0.017544160246911793,0.0,0.0,0.013633208230538684,0.025516502726130635,0.025146156221681704,0.0,0.012288016868894067,0.0
0.0783,0.07830072658731244,3.21730531423037e-05,0.005672129506834598,0.01017827488742386,0.0,0.02226589808181637,0.0,0.017015759706877378,0.0320260267332743,0.010454991339958666,0.017164605730301114,0.0,0.01001583190057913,0.0,0.010372389831830002,0.020635136306402783,0.02697679569703326,0.0,0.017630703633842594,0.0,0.01372537389033861,0.011956526462347008,0.038452902907164827,0.0,0.02896548487759425,0.010004098360858563,0.017852311187507106,0.0,0.0,0.0,0.0,0.0,0.0,0.0,0.0,0.0,0.0,0.0,0.0,0.0,0.0,0.0,0.0,0.0,0.0,0.0,0.0,0.0,0.0,0.0,0.0,0.0,0.0,0.025461918689262602,0.010921934667090447,0.02626742593997259,0.03588660127843007,0.016369053392096353,0.017823807085104396,0.026764060449328816,0.0,0.021109907492254984,0.011988996321429277,0.01756766917184278,0.0,0.04432956638285051,0.024079308090435896,0.020491047396412585,0.0,0.011166122182700104,0.0,0.028573028227943508,0.0,0.04218691500927086,0.0,0.01370979344164514,0.020415851993765704,0.013434118035060623,0.0,0.0,0.013916758029543291,0.018341090474874273,0.016642913600194226,0.016439947815600757,0.014920618791359625,0.031345167438416255,0.0,0.015573763841708261,0.015545285154588851,0.022120508337537065,0.014003656796204224,0.0,0.0,0.013493125930710542,0.025389608525786842,0.02523251521866802,0.0,0.012794803262761088,0.0
0.08099999999999999,0.08100097783529647,3.238843822873271e-05,0.0056910840996011215,0.010151526584902914,0.0,0.023193347567996722,0.010129415268581817,0.01684687988390549,0.030731964601980685,0.01045950976794941,0.01709569587316936,0.0,0.010018037945711003,0.0,0.010412993957508863,0.020543155749096823,0.02742677269928794,0.0,0.017688310558363115,0.0,0.013652779659898627,0.01221150098672279,0.03700963796748933,0.0,0.029662091596253964,0.0,0.017478690253832894,0.0,0.0,0.0,0.0,0.0,0.0,0.0,0.0,0.0,0.0,0.0,0.0,0.0,0.0,0.0,0.0,0.0,0.0,0.0,0.0,0.0,0.0,0.0,0.0,0.0,0.0,0.02595510407255297,0.011007979809979796,0.02692401692825255,0.03450185050373139,0.015582809514396027,0.01771274332199458,0.026641359254943688,0.0,0.021974731553873413,0.012714989642729727,0.0177831871570708,0.0,0.043787336993981595,0.023806733442842853,0.02019388930996861,0.0,0.011570774093315505,0.0,0.027823980407438016,0.0,0.042220096820588957,0.0,0.013664118321256784,0.02080802845708173,0.013528762282074303,0.0,0.0,0.013589161479064152,0.018879970315549863,0.01670160105348476,0.016089561379517094,0.01553801843618227,0.031458893979434945,0.0,0.015238228346600817,0.014925147599634246,0.023324225415557755,0.013499572289665855,0.0,0.0,0.013526895315844837,0.025843976891998757,0.025863609909815437,0.0,0.012606334776923914,0.0
0.0837,0.08370150960119337,3.338870022685604e-05,0.00577829561608404,0.010252448364895129,0.0,0.023952967638038822,0.010274862133214468,0.01737889109186413,0.03051991079862187,0.010546705935392607,0.01671922005212454,0.0,0.010025162716130798,0.0,0.01042329043844097,0.02064723816932607,0.026445521554656796,0.0,0.017878222321777597,0.0,0.014291639121859356,0.011955631825573323,0.03660725067045449,0.0,0.03007649205902076,0.0,0.0,0.0,0.0,0.0,0.0,0.0,0.0,0.0,0.0,0.0,0.0,0.0,0.0,0.0,0.0,0.0,0.0,0.0,0.0,0.0,0.0,0.0,0.0,0.0,0.0,0.0,0.0,0.026305615899171634,0.010977455034198098,0.027871106178743908,0.032267899097995455,0.016423748224909357,0.017624637947918978,0.027721036988876915,0.0,0.02271674235130446,0.01356274755467787,0.01955346712183053,0.0,0.04245041197542147,0.023871626447084456,0.0204840200737113,0.0,0.01218382203598503,0.0,0.027327565250265886,0.0,0.04044737214744277,0.010190755783496331,0.014372135861276919,0.021144313956334156,0.013961747014079215,0.0,0.0,0.01266040341182103,0.019610903257624965,0.01829377685432875,0.017637405886078785,0.01582509435464089,0.03068625398415027,0.0,0.016209301063020345,0.015620778013736871,0.023874836726389615,0.011865409509397986,0.0,0.0,0.013734118618006837,0.025488436723091656,0.026195826318565308,0.0,0.012843773443030278,0.0
0.08639999999999999,0.08640105199694142,3.527803842194902e-05,0.005939531835250067,0.010568997575979337,0.0,0.025273308344618724,0.010534607977395877,0.01754517465414128,0.033348433293476476,0.010743495244678302,0.01563589524798268,0.0,0.01001992896920362,0.0,0.010676682374520392,0.020907723790304318,0.02587524987760007,0.0,0.01722841830337917,0.0,0.016168468361050965,0.01235132143663074,0.03480688127703685,0.0,0.0,0.0,0.0,0.0,0.0,0.0,0.0,0.0,0.0,0.0,0.0,0.0,0.0,0.0,0.0,0.0,0.0,0.0,0.0,0.0,0.0,0.0,0.0,0.0,0.0,0.0,0.0,0.0,0.0,0.027223142028974648,0.010994400492987432,0.030920377450497354,0.02814354293008059,0.015590345588138816,0.018407692132706426,0.029680217086592367,0.0,0.025404084524802042,0.014705414412704391,0.02023033297172517,0.0,0.039268585146861434,0.02386767828723035,0.018344942363082005,0.0,0.01271997681859797,0.0,0.025039166531057852,0.0,0.04062125723061989,0.01023171068854054,0.015713349664058327,0.02164989507546694,0.015837091128664983,0.0,0.0,0.01196704932004268,0.022327499745175144,0.01908726391030647,0.019184895381724597,0.016220529641529372,0.03168489136806352,0.0,0.015943645710582297,0.015308582678530679,0.02644317094524317,0.01110099471509238,0.010324623673931093,0.0,0.013786757974351273,0.026936383552037296,0.03069025988799298,0.0,0.0127156622140088,0.0
0.08909999999999998,0.08910155562830287,2.653107516374564e-05,0.005150832472886848,0.010009727161494472,0.0,0.01825139831977675,0.010010509588352536,0.011711364652671846,0.02425090358437911,0.010038934676481499,0.010637944479010265,0.0,0.0,0.0,0.010017882008089191,0.014432179091003004,0.018105879615126864,0.0,0.01094745571945244,0.0,0.011550628258761804,0.011318636878505524,0.026618330753590342,0.0,0.02207325107734123,0.0,0.011049957886383525,0.01600063647350744,0.01930762123858063,0.012443668607590774,0.010365257638219553,0.010209910907923142,0.010012784684847382,0.0,0.01011283861318422,0.010196397064583005,0.011138516730529513,0.0184755096514028,0.0,0.01002389902398123,0.0,0.0,0.010017016798573761,0.010853200686933736,0.01675622901918283,0.0,0.0,0.010158234151488837,0.02253976764548906,0.010244998544098336,0.01031462651518159,0.010029697229602454,0.0,0.020276694047208593,0.010071435039125276,0.02141850000453922,0.0203084217262661,0.010188972207332109,0.013004490554215408,0.0234293907065538,0.0,0.018870925684482055,0.010292274855477596,0.013013016614156917,0.0,0.03319306967764244,0.018498012105464832,0.01192156767092466,0.0,0.01005123081905376,0.0,0.018310940357020054,0.0,0.03322866320209384,0.010012593890050228,0.010443365852634256,0.01396531375374033,0.011216934958845643,0.0,0.0,0.011066144337593873,0.015872410089751494,0.011987921654735112,0.01061573928656791,0.012716947316054893,0.02411853669248217,0.0,0.010640144690700432,0.010125068902116018,0.019006725386797943,0.011470659973353918,0.0,0.0,0.010775599687637083,0.016696662390475514,0.022825216013504263,0.0,0.010140614876081906,0.0
0.09179999999999999,0.09180068604935315,2.7507333477712695e-05,0.005244743413906222,0.010003486194888861,0.0,0.01717101636715993,0.010004110022644423,0.010960177294428212,0.02462355521099756,0.010011083291039582,0.010195019473977461,0.0,0.0,0.0,0.010005653942523745,0.012807677581106536,0.01728576650703885,0.0,0.01033957275107553,0.0,0.011231352168806533,0.011671842962270387,0.025822841284579897,0.0,0.022307213783130397,0.0,0.010336400097541098,0.015997893944293424,0.01885711779264719,0.011867795808564743,0.010080092742768533,0.010051076026502962,0.010004845307507894,0.0,0.010062306190931116,0.010047722616854968,0.010211008756020268,0.01697318605277744,0.0,0.010007611444762832,0.0,0.0,0.01000650919028334,0.010359925767429166,0.015950264949771392,0.010002518929367836,0.0,0.010054011536482992,0.02159824584184014,0.010130144504197771,0.01017092399849299,0.010011305014782089,0.0,0.019222312261927985,0.010042320341638076,0.02159919894289676,0.017203506808304275,0.010024839770194284,0.011722293383771353,0.022336464799861684,0.0,0.018957206873863014,0.010160613308911179,0.010577094422801947,0.0,0.032870846448252174,0.017185802545465104,0.010363928277897155,0.0,0.010024914143160688,0.0,0.016147756110122105,0.0,0.034141135408154,0.010004330924835122,0.010244615581070888,0.01311647232077425,0.011125020819008445,0.010001425430735244,0.0,0.011451179047101776,0.015970716067983844,0.010885362682258731,0.010170707729232023,0.012929757650863485,0.024263069582315697,0.0,0.010142189557600234,0.010029860527321249,0.018867979783202305,0.011473500438250276,0.010005781864976667,0.0,0.010564732550402304,0.014501784647385713,0.02440541997285813,0.0,0.0100445836251139,0.0
0.09449999999999999,0.09450049193139992,2.861720222704838e-05,0.005349504858119897,0.010008166577204441,0.0,0.01784986258335793,0.010011505821231307,0.010964446390306292,0.02163507888956309,0.01002972571964956,0.010052797409852808,0.0,0.0,0.0,0.01000753840262924,0.01316084681457831,0.01454157197873356,0.0,0.01088429974801726,0.0,0.012943217373968328,0.011014654239802139,0.021017464527166994,0.0,0.021908219763911822,0.0,0.010408860351031965,0.01799277552210223,0.021076479308212256,0.011674738127804186,0.010668108254501646,0.010115888138166405,0.01001364589615403,0.0,0.010038227359598802,0.010256335432047304,0.01048234609499226,0.019924515981649057,0.0,0.010009384592993534,0.0,0.0,0.010011689408152304,0.011477294714378895,0.014483784777172302,0.010004359478169406,0.0,0.01015977959140873,0.021490436214896394,0.010287908374663738,0.010523637704177939,0.01002216419148293,0.0,0.01961708771917099,0.010014773563759531,0.02347346202013763,0.010700335424908738,0.010115673623613956,0.013473281558540117,0.023979917450452845,0.0,0.021099958563694263,0.011305763158159078,0.015300805823272999,0.0,0.025508531133630365,0.016341689856121,0.010273174483885775,0.0,0.010046796093144647,0.0,0.011473120526604449,0.0,0.02940784142658625,0.010011316189358032,0.011272410677678223,0.012331493281925279,0.012689051728810545,0.0,0.010001294967266134,0.01002446287200067,0.018128227274045786,0.0149075985087119,0.013384512866868974,0.01287887104400799,0.022173176796380145,0.0,0.010634356682453196,0.01010175628873802,0.0211420478753844,0.01002187667691684,0.01001216634271166,0.0,0.010694261821379862,0.015507245046277356,0.024708835728993024,0.0,0.010091069150680183,0.0
0.0972,0.09720045211668521,3.0038931727164696e-05,0.005480778386977957,0.010019015188196824,0.0,0.019774899810718297,0.010017798039077519,0.011450968238685608,0.02072448449576101,0.010055536723359577,0.0,0.0,0.0,0.0,0.010011820364713079,0.012908358166267944,0.01535242417805591,0.0,0.011382599282814439,0.0,0.012785543380720308,0.010981591900427919,0.02378096728363493,0.0,0.021562534431978832,0.0,0.011307661600548078,0.017150056723070118,0.019607281881539432,0.012560950905188484,0.010793710298593375,0.01010855682024263,0.010018182528849473,0.0,0.010050326211253343,0.010461578175904002,0.011017397340941535,0.020107943680572542,0.0,0.01001152690847491,0.0,0.0,0.010019001096465027,0.012055544928603291,0.014150034628404435,0.01000655073113362,0.0,0.010354938003755663,0.022743756139929686,0.010543623440253396,0.010856544233635577,0.010053287829858586,0.0,0.01938871840423678,0.010016521976982867,0.022898760272496193,0.010967571932330179,0.01014424822298541,0.013516721921929212,0.023707076962627166,0.0,0.021111017867224423,0.011465938132331098,0.016694170630625973,0.0,0.025628149211209657,0.016898077715450075,0.010729735858445296,0.0,0.010074502671555782,0.0,0.012080651802760101,0.0,0.027206487937645324,0.01002205709991387,0.011802990178203543,0.013804298759254928,0.012706776179088407,0.01000330515966683,0.0,0.0,0.018461778955438216,0.01557183696700884,0.012960803501164825,0.013427987552343205,0.022202477004398043,0.0,0.011042733264087314,0.010140563941670754,0.020089306778238114,0.010015195695601773,0.010014178415944468,0.0,0.010904472590911462,0.01588230575146828,0.023429710813780962,0.0,0.010201177763929405,0.010000696515422194
0.09989999999999999,0.09990078458430096,3.11074378246498e-05,0.00557740421922688,0.010059793358291162,0.0,0.020280032759365543,0.010052956455443188,0.011887666191652518,0.020846003862366378,0.01011683199549352,0.0,0.0,0.0,0.0,0.010030463667986125,0.013136637251371475,0.015330051840344208,0.0,0.01213728307173889,0.0,0.013343974291229075,0.011099857256263168,0.023713858636022194,0.0,0.021892186597380976,0.0,0.011618168163893862,0.017581228251463007,0.020361300379318353,0.012911913277682298,0.011322851282165885,0.010181935139841322,0.010043437557993917,0.0,0.010076680007055762,0.010853098959552939,0.011437542821851304,0.021104499422954597,0.0,0.010019111262142432,0.0,0.0,0.010036992077870973,0.012702597086122485,0.014395621842617784,0.01001595284899082,0.0,0.010672698988319518,0.022988398167454557,0.010737670644602633,0.011276078086201905,0.010105818510370014,0.0,0.019453633009988713,0.010021783484188806,0.023432153691214284,0.0,0.01028448097014624,0.014069241465586073,0.024219223898312697,0.0,0.021895789479582706,0.011893669960141249,0.01795428447650007,0.0,0.025182319230211334,0.016974200416423498,0.011051445610347934,0.0,0.010164069983227837,0.0,0.01174612095239824,0.0,0.02685830897409084,0.010061860252237103,0.012532773268310758,0.014005452861378886,0.01314602445733307,0.01001008216118232,0.0,0.0,0.019306638991858954,0.016708940148454608,0.014098830405915409,0.013768897088952774,0.02195260868628241,0.0,0.011574846722198323,0.010229821547931407,0.02086070373294969,0.0,0.010031489959453637,0.0,0.011166176838513214,0.016536357962733887,0.024113947267185,0.0,0.01032144817624068,0.01000118185511303
0.10259999999999998,0.10260187505537258,3.230872063141147e-05,0.005684076057848933,0.010076901204778005,0.0,0.020372170653414602,0.010084103415636642,0.011905194637294175,0.021053348594415187,0.010166543754440528,0.0,0.0,0.0,0.0,0.010049449944757847,0.012717242596803957,0.013714798370899266,0.0,0.011084921648925725,0.0,0.013711156076299925,0.01077536870719999,0.02078526748485761,0.0,0.02160763280094378,0.0,0.011061674330046794,0.018209803829168026,0.021070791386968993,0.012321301041809115,0.011411110369393134,0.010224751347284289,0.010079138085932776,0.0,0.01009248657006821,0.010892651368309192,0.010881886450307184,0.021098286180391775,0.0,0.010030031609118991,0.0,0.0,0.01005675206355868,0.012853951670961716,0.013321641570273325,0.010022535867388136,0.0,0.010790019988216316,0.022561340313864833,0.010686215215231448,0.011499623312111172,0.010155124478553292,0.0,0.01928180560788198,0.010028297751910543,0.024325347558778344,0.0,0.010305818486213819,0.014098403737252923,0.02478845599780493,0.010012846947334572,0.02311258874381237,0.012447690576177721,0.01908034600598845,0.0,0.021330805133681827,0.015533053214676788,0.010630970534289215,0.0,0.010290275637164064,0.0,0.010548845837670254,0.0,0.024660659777222253,0.010084120435671213,0.013224859842368833,0.012978772168673134,0.013153727753378551,0.010010820970706394,0.0,0.0,0.0207553055060862,0.017323369530825732,0.014424196606884928,0.014015512983561743,0.020722960566142427,0.0,0.011181593829554453,0.01022826147621204,0.021446124700682866,0.0,0.010042859517929338,0.0,0.01089169019663834,0.01575429542104078,0.025608046475350196,0.0,0.010249498078148784,0.010002555452659082
0.10529999999999999,0.10530050084164308,3.368625640976385e-05,0.0058039862516863225,0.010174676305543867,0.0,0.021083180251587307,0.010233146466046264,0.012246954500536974,0.019446019120284225,0.01025569619939896,0.0,0.0,0.0,0.0,0.010046422079631355,0.012804543784825012,0.012570744299335877,0.0,0.012107099576621736,0.0,0.014539021166765509,0.01059362110044051,0.019776021356604355,0.0,0.021333848801966374,0.0,0.011415229566930191,0.018839781043685083,0.021708386238518618,0.012729987144175036,0.012583605636034927,0.010244872820825424,0.010145844152220964,0.0,0.010063280717994125,0.011738006792206684,0.011645017854043633,0.022394887537213703,0.0,0.0,0.0,0.0,0.010059799220335137,0.013994489561438887,0.012980070805398147,0.010029926926846948,0.0,0.011805117463532463,0.02281304698959437,0.010930214976367899,0.01242339640647417,0.010261523553354334,0.0,0.019153054850269795,0.010011152461563672,0.02503898963449518,0.0,0.01051870410513451,0.015112642306926553,0.025339954412292563,0.010013493239859395,0.024143263570058745,0.013481307195702837,0.021421722048044364,0.0,0.01926972681152344,0.015163198838975387,0.010806804725851146,0.0,0.010492092438401433,0.0,0.0,0.0,0.022273604565443417,0.010161452158187388,0.014390720387968358,0.01327796535624702,0.014103492701928828,0.010015168736759325,0.0,0.0,0.022311928652267637,0.019303934117031483,0.016652858826821968,0.01411148240574782,0.019928909088687354,0.0,0.012095766435108936,0.010347364600638138,0.02217177405423965,0.0,0.010046146610916297,0.0,0.01112296765337012,0.01591715212613567,0.025388561180072124,0.0,0.010393919874359744,0.010001243412190572
0.10799999999999998,0.10800010721512793,3.4939975586207345e-05,0.005911004617339369,0.010372113320923283,0.0,0.020115088490809372,0.010719073914569818,0.012075541537194283,0.019375094315039754,0.010346117806762558,0.0,0.0,0.0,0.0,0.010092629681404551,0.012972828251545946,0.01106535530166026,0.010001364375358479,0.01203979862904821,0.0,0.01566166351368833,0.01072828835233157,0.014786852273278304,0.0,0.02176325088952185,0.0,0.01051570017328456,0.019158298832320984,0.02300535513386264,0.011578874271041336,0.0132320411138928,0.010283674236358956,0.010279336152878562,0.0,0.010054845253309456,0.011757699370517396,0.01152925321219803,0.023547432052221196,0.0,0.0,0.0,0.0,0.010063621455675029,0.014743987042118933,0.013197324662509793,0.010046871406367563,0.0,0.013074786872894057,0.020530990416115395,0.011094442868158437,0.013026529181170308,0.010447347896818391,0.0,0.019647764501856905,0.010008863994876627,0.026523035894362425,0.0,0.010282302039697539,0.01512047478448349,0.02683403304734447,0.010018305944925927,0.025642967959620122,0.014449604978711018,0.02167518044520462,0.0,0.01633746331290863,0.013689403600528125,0.010442750941547814,0.0,0.011197513065734743,0.0,0.0,0.0,0.019883616626303453,0.010174618401869822,0.014486486364509273,0.011255004700978656,0.014708530991024819,0.010020779418217168,0.0,0.0,0.023904680189102558,0.020054188609372338,0.018517569412271513,0.01391813331435651,0.018794265839021208,0.0,0.011995598568382762,0.010238573618096948,0.024133699744424898,0.0,0.010043382964808415,0.0,0.010831370129950571,0.014297007943152489,0.027362765090100313,0.0,0.0102265913054031,0.0
0.11069999999999999,0.11070049905790241,3.730300812958814e-05,0.006107618859227231,0.010721652014064269,0.0,0.020846221744978403,0.011470301813366208,0.011602197572203979,0.016664271441000793,0.011095174311179614,0.0,0.0,0.0,0.0,0.01020447650844023,0.012509634021421159,0.010778667342984924,0.0,0.011289661565049257,0.0,0.016872079902867165,0.010903359709417929,0.012499326206214474,0.0,0.020684029870393222,0.0,0.011067863649294862,0.02149093592488612,0.023464996860864125,0.01197101416718914,0.013975567049477973,0.010309042385234146,0.01074701021494853,0.0,0.010099359702025782,0.013422173829972154,0.011628814849699803,0.024829492083750095,0.0,0.0,0.0,0.0,0.010308374234862066,0.015763486359866297,0.011459269452938653,0.010141391270871344,0.010008906589783364,0.013558401632888415,0.02247152437967218,0.011432032490406932,0.013881320286566301,0.010895436143638719,0.0,0.01860731609439449,0.0,0.026329098489249855,0.0,0.01070368132420436,0.015522980882521083,0.027046030774006163,0.010056953726404102,0.02663891084699,0.015533062288808661,0.02406156145553476,0.0,0.011951654862217857,0.01326106172900637,0.0,0.0,0.011878585310765988,0.0,0.0,0.0,0.016688630456809708,0.010659173832002329,0.016075715423819498,0.011485813764502048,0.01531950783183124,0.010064261101380883,0.0,0.0,0.02568313196355812,0.022023387764303372,0.019054026179106776,0.01429749655138034,0.016826161526445844,0.0,0.012358763638247446,0.010473994923944605,0.024860077976433113,0.0,0.010155570005055042,0.0,0.010870289822571865,0.013716490357834683,0.02626912636753196,0.0,0.010458324635542379,0.010001690511176324
0.11339999999999999,0.1134001541059125,3.937036913720447e-05,0.006274581192175655,0.011389837635370865,0.0,0.020689635414370182,0.01300057782157068,0.01103465225979252,0.013467180680752215,0.01157119398048157,0.0,0.0,0.0,0.0,0.010115080899179637,0.012145313158431773,0.010093410065724355,0.0,0.011188420703758285,0.0,0.01806904340302487,0.010062621017554473,0.01028886894921664,0.0,0.019572510838165656,0.0,0.010331462196339163,0.022413066527956136,0.023960246403392994,0.011544650230882027,0.014932245028464772,0.010075161126745613,0.011594339064433605,0.0,0.01001031617189526,0.014435133973571622,0.011326573831639533,0.026041655984030257,0.0,0.0,0.0,0.0,0.010214421592681096,0.0170390010821697,0.010407525559132845,0.010118611833886331,0.010001576155657997,0.014586872549031547,0.021096223675551973,0.011497292689599776,0.014915858281549758,0.011328595150651577,0.0,0.01796735907167554,0.0,0.02675466328858033,0.0,0.01044005499173035,0.01579938081960649,0.027578669305647556,0.01001584274091682,0.028159127297221753,0.017063027889350282,0.025930452480286036,0.0,0.010138859884948496,0.011433890002189235,0.0,0.0,0.012995402737554977,0.0,0.0,0.0,0.011706000824755754,0.01135864478639237,0.01719289701416028,0.01040885715803156,0.01624277648891279,0.010002202230373526,0.0,0.0,0.027448644050349,0.024143948382079884,0.020949346427828783,0.014458955211770732,0.013982586577249738,0.0,0.012592135079441687,0.010431303561202102,0.025967169407387573,0.0,0.010050561264762798,0.0,0.0103440245226629,0.011331592597999395,0.026384431498736437,0.0,0.010167494061821575,0.010000522407715958
0.11609999999999998,0.11610416061334915,4.200050115933433e-05,0.006480779363574595,0.012439602478102699,0.0,0.021005960844211476,0.01431561856117289,0.01103249445517767,0.012142473507766188,0.01290099798014224,0.0,0.0,0.0,0.0,0.011259135680725929,0.011348311983667186,0.010438853676800723,0.0,0.010688053363456537,0.0,0.0193679224100754,0.011560486983585977,0.010737038586460353,0.0,0.016866607755402163,0.0,0.01085154834935577,0.024303712946842124,0.023784705659336026,0.01106166082529766,0.015333927531140639,0.010617297076505017,0.012496440618593925,0.0,0.0,0.014274447196985984,0.011397190615028733,0.026939058988338017,0.0,0.0,0.0,0.0,0.011431144402989516,0.01806619883368114,0.0107847078927415,0.01102826897999068,0.01008304355852882,0.014321166824223727,0.018793432991165572,0.012550495714093106,0.015093047611800369,0.012243206871558006,0.0,0.017302281428294992,0.0,0.025768830868047734,0.0,0.010749833579316534,0.01503520154896899,0.02821619007136375,0.010521004547237867,0.029703126952289438,0.018662794980243674,0.02514260790207834,0.0,0.0,0.010747783066490702,0.0,0.0,0.014274837774885918,0.0,0.0,0.0,0.011744122620004653,0.012289654735548335,0.017766412872316444,0.010919860481023624,0.016793009841006498,0.010304875419133457,0.0,0.0,0.029335709708762012,0.02598070962705418,0.021374235836075752,0.013556262143614453,0.012567186634582525,0.0,0.011849834928341418,0.01046648424504687,0.027131799661920156,0.0,0.010498748156274246,0.0,0.011207985534841907,0.011021335067790764,0.026802235347280674,0.0,0.010686974401764407,0.010019808263455877
0.11879999999999999,0.11880429206352652,4.5115455134529156e-05,0.0067168039374786844,0.013150658149048838,0.0,0.01890532787656402,0.01621870570995392,0.010986897155868942,0.01157671064755481,0.013489841103278749,0.0,0.0,0.010104625184177521,0.0,0.011800281436779865,0.011338250716951858,0.0,0.0,0.01066915816076494,0.0,0.021195247142018852,0.011675984963522672,0.0,0.0,0.014760922171919216,0.0,0.010650285382739974,0.02499382386338249,0.023804822297325515,0.010964435314851162,0.01622566859350247,0.010658659502975894,0.013238573891598087,0.0,0.0,0.013844247926483434,0.011277473865004755,0.028020060604904716,0.0,0.0,0.0,0.0,0.011963403096692183,0.01873989683712306,0.010825335826191457,0.012081774414081054,0.010118623731371106,0.015162115727053404,0.015279940280723867,0.012639243439416678,0.01607714042760242,0.012769184171334425,0.0,0.016647471974357363,0.0,0.024213502604053666,0.0,0.010646449613673153,0.014195460513823435,0.02873121251532934,0.010857214230371766,0.03069307472238512,0.02018285314085494,0.024667545257406543,0.0,0.0,0.010594696739513316,0.0,0.0,0.015894778575977635,0.0,0.0,0.0,0.011334955800571258,0.012333570438218512,0.01863009669044732,0.010672234010515659,0.017916242627649907,0.010490373745772899,0.0,0.0,0.030308383303346925,0.027359897311139844,0.022363591181617837,0.013220889029358682,0.011494230677601249,0.01001587862774393,0.011485529504429697,0.010414552320110277,0.02889704202019404,0.0,0.01052521353435328,0.0,0.011148272828302476,0.010579154546214244,0.02765887625505473,0.0,0.01061943604684882,0.0
0.12149999999999998,0.12150314908742371,4.724980738330463e-05,0.006873849531616519,0.013685961106598648,0.010010380676596322,0.018919498875036807,0.016171045489368104,0.010890487735540176,0.011539903978566267,0.014153998109580311,0.0,0.0,0.0,0.0,0.012157143970471525,0.01128412966530802,0.0,0.0,0.010664500489584634,0.0,0.021396776144386655,0.011894543051505705,0.0,0.0,0.015344289529634663,0.0,0.010594127561850259,0.026670683088605127,0.026012622607652826,0.011020558990774518,0.016455000525840823,0.01068664082947545,0.013529809290436814,0.0,0.0,0.01374462529523613,0.011058015882071816,0.02849037303141566,0.0,0.0,0.0,0.0,0.01197290474684649,0.019651278952965857,0.010733267725847503,0.012001947958016164,0.01009169782842135,0.015127061901673778,0.01667609461937567,0.013105904303890062,0.015981936157135893,0.012901398623409202,0.0,0.016825067117207722,0.0,0.02576306389971874,0.0,0.010575177484089968,0.015043310987097356,0.030244417399529717,0.010849854816964965,0.03200632145455973,0.02041507514481774,0.024906498800535665,0.0,0.0,0.010553933097507035,0.0,0.0,0.016288563925682727,0.0,0.0,0.0,0.01128610025985027,0.012658076712395844,0.018502896836284657,0.010590171828071988,0.017817689622399723,0.010859893075309513,0.0,0.0,0.032424122266199895,0.026543219053845258,0.022711198986862115,0.014054442926282685,0.011648012045398705,0.0,0.011220301116884622,0.010378406808836936,0.03001510215148639,0.0,0.010670052023092956,0.0,0.011069071756154486,0.0,0.028861093316013605,0.0,0.010600256343799687,0.0
0.12419999999999999,0.12420025571767458,5.5536482806276104e-05,0.0074522803762523656,0.014213197594192772,0.01000103577002475,0.021561493996464925,0.017756493570177466,0.011108337673552937,0.010612713703498393,0.014075081845055014,0.0,0.0,0.010003725452012379,0.010000689170327636,0.011941579849199094,0.01451747057715166,0.0,0.0,0.014880947408282524,0.0,0.020576087162312073,0.0100925746114775,0.0,0.01000096159380487,0.018822148338742156,0.0,0.01057497517363384,0.029652632262090365,0.027192213875979806,0.0131722341445127,0.0189375059904427,0.010538730696094838,0.013789063753668574,0.0,0.0,0.015366677276498772,0.012841217222469295,0.03282547771044603,0.0,0.0,0.0,0.0,0.011791345688218317,0.02159813611768592,0.01113225986484148,0.012015151594777309,0.01000458851390544,0.017287656287076954,0.02543416714270817,0.0,0.01733379815481437,0.0,0.0,0.025000935764010433,0.010013884560652721,0.02514735912352085,0.0,0.0,0.018540396535313166,0.033167778017721375,0.010771255266517022,0.0299237803806261,0.020375711296051417,0.02754638239638973,0.0,0.0,0.0,0.0,0.0,0.01709835636293319,0.0,0.0,0.0,0.0,0.014789857768217504,0.019504856590671124,0.0,0.019409387637321068,0.0,0.0,0.0,0.029819083194846253,0.028540482697618177,0.023220422954096733,0.016312286946283918,0.014727050834668432,0.0,0.01518065008361029,0.0,0.028899623648955833,0.0,0.01156229942379946,0.0,0.0,0.0,0.02879578873003411,0.0,0.0,0.0
0.12689999999999999,0.12690034137259715,5.3501802047257156e-05,0.00731449260354108,0.015979768864847175,0.0,0.020637895088349973,0.019368606291746627,0.010278572368795529,0.0,0.015619845082289578,0.0,0.0,0.0,0.0,0.01296285494676192,0.01039749600464187,0.0,0.0,0.010173425292801193,0.0,0.02355146910991874,0.010214865105849158,0.0,0.0,0.013051396343644207,0.0,0.0,0.0294413267929729,0.02516424083810606,0.01025541895949467,0.018980280411956988,0.010221683774318452,0.016460730743886487,0.0,0.0,0.017429419493224626,0.010774552358063185,0.03152795414141842,0.0,0.0,0.0,0.0,0.012584817309247931,0.023162845891246505,0.010099345821815807,0.014235330820254702,0.010018507836756268,0.017133168659000275,0.015174496109416714,0.013638144298524087,0.01814754595967857,0.015276772470356328,0.0,0.01689324143894339,0.0,0.026441224741949737,0.0,0.010283302450733054,0.014667071902374883,0.03221005589058417,0.013032025900265054,0.03459935159911676,0.023393835304279072,0.02927888378747197,0.0,0.0,0.0,0.0,0.0,0.018507992853861788,0.0,0.0,0.0,0.0,0.015544171862985146,0.020426851462901494,0.0,0.019629723985393293,0.011025705645297455,0.0,0.0,0.035399361385498325,0.03314706923021115,0.026518184522878623,0.013493038769349134,0.010346065017287472,0.0,0.012233569111800971,0.010171193196247518,0.031045236954006305,0.0,0.010578795423854074,0.0,0.010444526431673113,0.0,0.028467143826763238,0.0,0.010259600114888,0.0
0.1296,0.1296004493861448,6.479645860560882e-05,0.008049624749366198,0.01826496517624515,0.0,0.02159583140192754,0.024987051767916713,0.011179642889681485,0.0,0.01774816751615694,0.010015806354493464,0.0,0.0,0.0,0.01530682977497546,0.010966594009838128,0.0,0.0,0.011006735413549226,0.0,0.02754750846521209,0.01015933110657758,0.0,0.0,0.010888943690246507,0.01000456978780617,0.0,0.031817776214006846,0.021812632891553222,0.010644490611178517,0.02144607789918741,0.010680554751472436,0.019867908404938763,0.0,0.0,0.0203532688353247,0.010621338717309275,0.03495954654552397,0.0,0.0,0.0,0.0,0.015087826973491791,0.02669953162686933,0.0,0.017039612320375545,0.0,0.0,0.0,0.0,0.0,0.0,0.0,0.016281679773718482,0.0,0.024845270135263973,0.0,0.010558815099567001,0.017535066075643427,0.033807490824904855,0.015959392130389025,0.03663658703251464,0.02821386191474702,0.03064139838017718,0.0,0.0,0.0,0.0,0.0,0.02382375717492289,0.0,0.0,0.0,0.0,0.019175046605028157,0.026279728261505642,0.0,0.02388661421949166,0.012913450462082003,0.0,0.0,0.03726894924375041,0.040710548527890564,0.031224572889160883,0.016926179663085093,0.0,0.0,0.0125802978985447,0.010700279760740077,0.030809303106613974,0.0,0.011690001286658086,0.0,0.010432133052081903,0.0,0.025842616517315398,0.0,0.010554416818344523,0.0
0.13229999999999997,0.13230108300355325,6.482817638162371e-05,0.008051594648367721,0.018819062440195145,0.01000694343940867,0.017993214579588315,0.023832019130161933,0.010250830360967219,0.0,0.017852397037583286,0.0,0.0,0.01002916104436067,0.0,0.014805890106350403,0.010326506393624884,0.0,0.0,0.010199774818986918,0.0,0.0261331071280828,0.01017201635762488,0.0,0.0,0.010498253564175948,0.0,0.0,0.03141575642790523,0.024354566900916485,0.010220951783243542,0.02053884205799128,0.010344997137933017,0.01798681641695834,0.0,0.0,0.017656839049389996,0.01048934961853437,0.0328885084648013,0.0,0.0,0.0,0.0,0.014487666214251427,0.025567094379522523,0.0,0.016634354063620505,0.0,0.01644309008759636,0.011069612379597334,0.014825691274211964,0.018192457713647397,0.016214822870454993,0.0,0.013494772571016238,0.0,0.02225762975228052,0.0,0.010275875151052563,0.01210970648714028,0.03199734227321135,0.0156644275905241,0.03788653684902987,0.026338810170497814,0.029042680529320918,0.0,0.0,0.0,0.0,0.0,0.021662930828010237,0.0,0.0,0.0,0.0,0.01750077535984983,0.02142154778644282,0.0,0.02001319429089642,0.013419915541286378,0.0,0.0,0.03934297062136304,0.03733179588527621,0.028435354055576345,0.012203696453126559,0.0,0.0,0.0,0.01021700738976599,0.031521279429925456,0.0,0.011005219399964199,0.0,0.0,0.0,0.026598998630633894,0.01000693971212199,0.0,0.0
0.13499999999999998,0.1350000738782634,7.54823194878144e-05,0.008688056139771106,0.01663905460523844,0.010000795972071215,0.010013416287998482,0.026877478973346976,0.01000489207398298,0.0,0.014656191707763132,0.0,0.0,0.010001194430590048,0.010000591003274828,0.011905198869206643,0.01000748417945056,0.0,0.010000829835410861,0.010003331270513175,0.0,0.030497198134205806,0.010069962778804543,0.0,0.010000780162132928,0.010025153598689754,0.0,0.0,0.027378591223546273,0.020532831968609937,0.010004458387772117,0.010102891701217366,0.010002708608334972,0.011588320806496327,0.0,0.0,0.010012058533020712,0.010002481388386136,0.02319523282634472,0.010000881531116551,0.0,0.0,0.0,0.013188127915266438,0.020618949049595627,0.0,0.01605052204732164,0.01000136640502262,0.010268653970802658,0.010004724148680873,0.010278172349127944,0.013390283927042753,0.01054368249295401,0.0,0.010013989630209318,0.0,0.018641574165413913,0.0,0.010001928585313602,0.010051553549232324,0.014358132391717023,0.013811134691772394,0.04389904200472358,0.03337489337059918,0.01685012305836355,0.0,0.0,0.0,0.0,0.0100008845558505,0.02598678567256763,0.010000767756636907,0.0,0.01000050606521753,0.0,0.0147129965919184,0.015768125642747866,0.0,0.019178752614085356,0.01479347461359556,0.0,0.0,0.05048247667959322,0.03055979502826576,0.02107531762778785,0.010066383617240701,0.0,0.0,0.010002899556299247,0.01000264732723042,0.038379430774370164,0.0,0.010004024824884016,0.0,0.010003802836472677,0.0,0.030107322681208238,0.0,0.010002171123188717,0.010000569800154437
0.1377,0.1377001099644854,7.892018928712155e-05,0.008883703579426857,0.017864517608947184,0.010001471528261035,0.010013464486536254,0.029444266126793954,0.010005551897400914,0.0,0.016355763554345835,0.0,0.0,0.010001941666847994,0.01000131940350577,0.013450400914437347,0.010007235798619786,0.0,0.010001309539594048,0.010003508985061521,0.0,0.03171042547115241,0.01016248667552511,0.0,0.010001473629541348,0.010018109603628292,0.0,0.0,0.028744277331556913,0.02005230538507734,0.01000466098060131,0.010105891166174705,0.010003478265384474,0.012380147937891791,0.0,0.0,0.01001162659150206,0.010003106217628418,0.023127702533961306,0.010001434946633097,0.0,0.0,0.0,0.014623518073935506,0.022064653108911203,0.0,0.017882811932563657,0.010002151890567268,0.010109699235668772,0.010005661623539979,0.010284610995846849,0.01231909535876354,0.01072966668245251,0.0,0.010015529352027873,0.0,0.015376998255318736,0.0,0.010002315849424476,0.01003120473467484,0.013017018264337979,0.015400309249156996,0.046007187414191665,0.035583161583010336,0.013916477416041656,0.0,0.0,0.0,0.0,0.010001413018218917,0.027878980296079773,0.010001390460130077,0.0,0.0,0.0,0.015000632984653026,0.014060254499273893,0.0,0.018521899715610957,0.016465941200116033,0.0,0.0,0.053721721257027746,0.0325346042353797,0.021191240618019653,0.010042483555004224,0.0,0.0,0.010003407905539295,0.01000274777232972,0.04046210967293905,0.0,0.01000555229470084,0.0,0.010005364366709712,0.0,0.029247451962462763,0.0,0.010002854918760538,0.0
0.1404,0.14040029716820884,7.830651892146457e-05,0.008849097068145685,0.019555125890155792,0.010001763077406049,0.012195669696033619,0.026019127935845678,0.01017709333421692,0.0,0.01651473490367701,0.0,0.0,0.0,0.010000835738355146,0.014965428897472129,0.010297648884702588,0.0,0.0,0.0,0.0,0.02970376619013893,0.01017101865634569,0.0,0.01000115285879075,0.010307031263512692,0.0,0.0,0.03418850070697116,0.02251148355899336,0.0,0.018997296468413163,0.0,0.017763443072267588,0.0,0.0,0.014648304469421626,0.0,0.03341822866236056,0.010003122411199725,0.0,0.0,0.0,0.015366503604973101,0.027128286320897404,0.0,0.018798433849603675,0.010020497637997419,0.01801403416479619,0.0,0.014220171551492036,0.021008277112219198,0.01590369703714893,0.0,0.012116310996789113,0.0,0.021877747908057705,0.0,0.0,0.015707300747038456,0.031118771768445602,0.015877597370591048,0.03787853823074118,0.030782429219249174,0.028684563869658244,0.0,0.0,0.0,0.0,0.0,0.025514391858430113,0.01000276689416198,0.0,0.0,0.0,0.017991300376005465,0.02276006351211266,0.0,0.022862649099235098,0.014237033304992906,0.0,0.0,0.041767020620750675,0.03709316155628069,0.027857940103065887,0.013678749726717607,0.0,0.0,0.010210597508686754,0.0,0.03229859073031643,0.0,0.010878414889227622,0.0,0.010101811740223407,0.0,0.02680157001381406,0.0,0.0,0.0
0.14309999999999998,0.14310034880007838,8.472646388183416e-05,0.009204697924529309,0.020885483739232543,0.010004010194339812,0.010476259346841463,0.029662410844131643,0.0,0.0,0.01753642068884781,0.0,0.0,0.0,0.010001659371562038,0.015445364501518732,0.010115639386425549,0.0,0.0,0.0,0.0,0.03211234905050171,0.010070704997446032,0.0,0.010003081490114312,0.010092283373629496,0.0,0.0,0.03354733197260608,0.02064238811249612,0.0,0.01820762080477357,0.0,0.018710062318028256,0.0,0.0,0.01284645042712088,0.0,0.03177593596839122,0.010006573204292423,0.0,0.0,0.0,0.01609693688249977,0.02851528330793395,0.0,0.020890059951049582,0.010024278449751966,0.01757367945071566,0.0,0.013175282206238774,0.021133563293432286,0.016151795305970225,0.0,0.010378743222825535,0.0,0.018467339079527467,0.0,0.0,0.012907505048094976,0.026837492553931818,0.017936150285768712,0.040179009054384235,0.034741311469600376,0.028063060567262214,0.0,0.0,0.0,0.0,0.0,0.028379092980370075,0.010005723114142924,0.0,0.0,0.0,0.019256187245768785,0.02317017852068238,0.0,0.02343817665128945,0.01579962073887279,0.0,0.0,0.0459845043124916,0.039745405159684104,0.029228006177256585,0.011743792331173954,0.0,0.0,0.01008624471401018,0.0,0.03362617914787157,0.0,0.010573361448781946,0.0,0.010048576865820818,0.0,0.023701430670495308,0.0,0.0,0.0
0.14579999999999999,0.14580016919074096,9.306460492421631e-05,0.009646999788753823,0.0222137572732503,0.01000463710925533,0.010077122210982175,0.03431434868336657,0.0,0.0,0.01881036667804772,0.0,0.0,0.0,0.010002748749506882,0.0158996729862031,0.0,0.0,0.0,0.010020221441248103,0.0,0.034799296436129154,0.010031632995961864,0.0,0.010014583794790427,0.010031492641926295,0.0,0.0,0.03254033036251136,0.018131453941631792,0.0,0.015891974361207407,0.0,0.01905957878169787,0.0,0.0,0.01060144044275047,0.0,0.028731444709064576,0.01000590772607915,0.0,0.0,0.0,0.01708684736297496,0.029149017846046177,0.0,0.02344857351870171,0.010012270909618204,0.013729536189183766,0.0,0.011517738669320723,0.019210589579982125,0.015473673107539178,0.0,0.010058756754646785,0.0,0.013611358475606591,0.0,0.0,0.010418732311682754,0.018723663114168614,0.020562725623857695,0.04403732951612127,0.03977702054263798,0.025163445498002958,0.0,0.0,0.0,0.0,0.0,0.03168213710146742,0.010004561359635861,0.0,0.0,0.0,0.020463535471122982,0.02150459369841492,0.0,0.022602939463695015,0.018402404878993243,0.0,0.0,0.05256980650471712,0.04260349195698228,0.030021195663433135,0.010368378193134664,0.0,0.0,0.01002130962032116,0.0,0.03622776832673741,0.0,0.010150908708994653,0.0,0.010016582848440446,0.0,0.02019709585820749,0.0,0.0,0.0
0.1485,0.1485007073326855,0.0001088653587973998,0.010433856372281525,0.02396606411507119,0.01010316649828908,0.010035607549491999,0.04199930813870623,0.010019548662210153,0.0,0.02008951981722101,0.0,0.0,0.010013259499048703,0.010504548633837447,0.015215473746273188,0.010019495642141121,0.0,0.010012650322942601,0.0,0.0,0.03682105668724149,0.010048907372019543,0.0,0.010472479077731921,0.010030812626751488,0.0,0.0,0.02405440223142551,0.011331724333262653,0.0,0.010486091581565576,0.01001866495086212,0.01837909173629312,0.0,0.0,0.010079753177570566,0.0,0.018256563828386082,0.010041771700792618,0.0,0.0,0.0,0.01648224256816681,0.027527118297249905,0.0,0.02734199237857275,0.0100199452496933,0.010171984254376189,0.0,0.01022641083278936,0.011203697135241625,0.012428482029540954,0.0,0.010031429667293297,0.0,0.010346721223237517,0.0,0.0,0.010047341952425301,0.010249201413066848,0.02593596902105856,0.050745577636324556,0.0464567256699716,0.018758548952072282,0.0,0.0,0.0,0.0,0.010011839661985954,0.03444986124100774,0.010045351087850228,0.0,0.0,0.0,0.02160081328499887,0.01218899761619555,0.0,0.016353004548891936,0.022308588646826392,0.0,0.0,0.06458519859868433,0.04422835343255511,0.0303555045828802,0.010048841798962701,0.0,0.0,0.0,0.0,0.0401034135207661,0.0,0.010045182728714578,0.0,0.0,0.0,0.013701699039463814,0.0,0.0,0.0
0.15119999999999997,0.15120001013995216,0.0001222149308898981,0.011055086200021151,0.026013593388355342,0.010430909265051656,0.010000599625217602,0.046840269665303774,0.0,0.0,0.020344549991891645,0.0,0.0,0.0,0.011933939713136306,0.015074137089656882,0.0,0.010000167413618786,0.0,0.0,0.0,0.03780390208769369,0.010000331101257823,0.0,0.01128886168372161,0.010000441629369437,0.0,0.0,0.019589217014067673,0.010034329149022704,0.0,0.010130213670739914,0.0,0.021176449265043057,0.0,0.0,0.01000355235296194,0.0,0.01341357740241157,0.010005661820162364,0.0,0.0,0.0,0.017360498563901143,0.029537004935734388,0.0,0.03211031750026392,0.010000406531843888,0.010008461972057481,0.0,0.010005354760219494,0.010731022528186926,0.01323170128209442,0.01000008569727508,0.010000456166183986,0.0,0.010006683179229375,0.0,0.0,0.010001082407589915,0.010003814385468398,0.030454760126694538,0.050126624737979894,0.051395727597000604,0.01955290369164449,0.0,0.0,0.0,0.0,0.0,0.036646344965944565,0.010015585974530788,0.0,0.0,0.0,0.024530871293723024,0.011994037676141543,0.0,0.014569547974214071,0.02490296099854362,0.0,0.0,0.06829153647751186,0.048447834471291355,0.03439949609735033,0.010000999337960568,0.0,0.0,0.0,0.0,0.03753912548790918,0.0,0.010001589671877774,0.0,0.010000321523964866,0.0,0.01004813865698494,0.0,0.0,0.0
0.15389999999999998,0.15390003118725692,0.00013218810329435402,0.011497308523926546,0.02600314664231286,0.010767880694774428,0.010001163664598406,0.050993684375562016,0.0,0.0,0.020244727474629874,0.0,0.0,0.0,0.01299591704567385,0.014460559673552071,0.0,0.0,0.010000608058883687,0.0,0.0,0.040337210730963705,0.010000995240837297,0.0,0.011969552877050111,0.010000946126786564,0.0,0.0,0.015818470771935718,0.010011018690640272,0.0,0.010013782395480316,0.0,0.019766029947951846,0.0,0.0,0.010002495343905104,0.0,0.010204751198050265,0.010006157921135498,0.0,0.0,0.0,0.01630608498227245,0.02753200650560711,0.0,0.03294369379226544,0.010000880338087926,0.010006003603344476,0.0,0.010003882266024734,0.010129924298243179,0.011056862079015135,0.0,0.010001002329645951,0.0,0.010004234504023156,0.0,0.0,0.010001658321778904,0.010003268771652345,0.03189160105626028,0.05262872591533055,0.05535109224268489,0.013502588881249736,0.0,0.0,0.0,0.0,0.0,0.03930570924950762,0.010007914366780548,0.0,0.0,0.0,0.024141326757997978,0.010423829539363346,0.0,0.013431071426819948,0.02647825873671469,0.0,0.0,0.07328038706037354,0.04739387710759264,0.0323728336447524,0.0100015969473713,0.0,0.0,0.0,0.0,0.03818071361005639,0.0,0.010001821599114922,0.0,0.010000792303415504,0.0,0.01001657349038221,0.0,0.01000068539754726,0.0
0.1566,0.15660001505605603,0.00015264553980260485,0.012354980364314823,0.026554633219148267,0.012758339405600049,0.010000805294768812,0.05670475617615657,0.0,0.0,0.01928381985722731,0.0,0.0,0.0,0.016675555415386855,0.01120451321113432,0.0,0.0,0.01000039196704198,0.0,0.0,0.03626655825757795,0.010000762542224158,0.0,0.014417343025084465,0.010000549573082593,0.0,0.0,0.01011110102429057,0.010004610992182833,0.0,0.010005848476392987,0.0,0.016909382223677903,0.0,0.0,0.010001771770577622,0.0,0.010016174298389458,0.010069355021515737,0.0,0.0,0.0,0.013714004799171722,0.022398901413520644,0.0,0.037633655387458304,0.010000601954767265,0.010002052702886864,0.0,0.010002808714733304,0.010006967519949929,0.010054796836625867,0.0,0.010000676078652886,0.0,0.010002362484414912,0.0,0.0,0.010000868224634387,0.010002134090590023,0.03803834387629575,0.05514203630472215,0.060754301963500394,0.010020065798208782,0.0,0.0,0.0,0.0,0.0,0.036228677758372234,0.010054483589273586,0.0,0.0,0.0,0.024395240606173,0.010008952591172363,0.0,0.010022588920592736,0.03141039019082055,0.0,0.0,0.08561712963826582,0.04428564539279973,0.025199905571527164,0.010000867994066777,0.0,0.0,0.0,0.0,0.03400695288274917,0.0,0.010001447271007647,0.0,0.010000543438399682,0.0,0.010005879984481493,0.0,0.010000444268704554,0.0
0.15929999999999997,0.159300003703256,0.00018022338820076946,0.013424730470321163,0.02650450822804272,0.01520984305339685,0.010000104636425918,0.063586973321362,0.0,0.0,0.016412528521747398,0.0,0.0,0.010000064653940209,0.021250286647181954,0.010024632993339812,0.0,0.0,0.010000078111592496,0.0,0.0,0.029660847911449417,0.010000141603478263,0.0,0.017344583857651395,0.010000082333603708,0.0,0.0,0.010002169546409912,0.010000278360174922,0.0,0.010000376564061993,0.0,0.012847821027840923,0.0,0.0,0.01000018139429686,0.0,0.010000740162939767,0.01012671333527102,0.0,0.0,0.0,0.010327956626377994,0.013799852916319355,0.0,0.042670505580518735,0.010000100708750041,0.010000122215833912,0.0,0.010000230982450134,0.01000023031200226,0.010001610763054726,0.0,0.010000093859644357,0.0,0.010000188044614668,0.0,0.0,0.010000082518232735,0.010000189716016204,0.045295205867188514,0.05624234679945109,0.06626241484159294,0.01000059763266226,0.0,0.0,0.0,0.0,0.0,0.030488484184663146,0.010038293659045726,0.0,0.0,0.0,0.023890194231079014,0.010000245961951272,0.0,0.01000034745822657,0.03656510556084631,0.0,0.0,0.09940963091354349,0.037685952587510764,0.017490048817921745,0.01000008121225328,0.0,0.0,0.0,0.0,0.02685634606947011,0.0,0.010000167686779787,0.0,0.010000080856627763,0.0,0.010000335151163671,0.0,0.0,0.0
0.16199999999999998,0.16200000227848732,0.00021662262836932915,0.014718105461278946,0.023877030932122727,0.0166373830745269,0.010000057038552031,0.06821237889780271,0.0,0.0,0.014866599725856711,0.0,0.0,0.0,0.026626395718079336,0.010002992145439465,0.0,0.0,0.010000053513081137,0.0,0.0,0.022607507164596603,0.010000017613695341,0.0,0.020093966994923423,0.010000057946309695,0.0,0.0,0.01000029697615147,0.010000263121713539,0.0,0.010000223012281479,0.0,0.010016753027686995,0.0,0.0,0.010000127306934923,0.0,0.010000228190057782,0.010042729746832502,0.0,0.0,0.0,0.01003293580697697,0.010046448444772791,0.0,0.046453825851070184,0.010000075122995777,0.010000091735312348,0.0,0.01000010639638746,0.01000015671422942,0.010000584135604283,0.0,0.010000046600074392,0.0,0.010000186387218843,0.0,0.0,0.010000054727792659,0.010000073989582518,0.05119524910241671,0.05784336194799844,0.07489115888452967,0.0100005833181485,0.0,0.0,0.0,0.0,0.0,0.02428804338815218,0.010011305567081715,0.0,0.0,0.0,0.020099820148195773,0.01000015527603051,0.0,0.01000017522289934,0.0443579428795459,0.0,0.0,0.11635362347396172,0.025637139188267224,0.010010552312055554,0.010000046161456007,0.0,0.0,0.010000048996444702,0.0,0.01579073108990666,0.0,0.010000130774850343,0.0,0.010000041669945841,0.0,0.0100002425394504,0.0,0.0,0.0
0.16469999999999999,0.1647000066161543,0.0002635027271535019,0.016232767082463233,0.019222967063834924,0.017987213237402766,0.010000138080629406,0.07385558215270073,0.0,0.0,0.012682821085569633,0.0,0.0,0.010000104268419702,0.032991126270220036,0.01000231535324966,0.0,0.0,0.010000120828002737,0.0,0.0,0.01394108279091464,0.010000192353847234,0.0,0.023020152635819625,0.010000125992507245,0.0,0.0,0.010000917289783678,0.01000029573168653,0.0,0.010000260952790318,0.0,0.01000154208165552,0.0,0.0,0.010000177939264792,0.0,0.010000434952171476,0.010004922871891402,0.0,0.0,0.0,0.010017351809417102,0.010004939328394583,0.0,0.049856595853223544,0.010000135608186526,0.010000139571689248,0.0,0.01000025778615579,0.010000196802630245,0.010000497937072585,0.0,0.01000012972609555,0.0,0.010000223886334642,0.0,0.0,0.010000109967634948,0.01000020241764161,0.05682938013389794,0.049779067380369385,0.08574954743312825,0.010000247733660313,0.0,0.0,0.0,0.0,0.0,0.016452454936189943,0.010001736684884492,0.0,0.0,0.0,0.013604385342242953,0.010000198295921565,0.0,0.010000245103073202,0.0534181856171815,0.0,0.0,0.13019312770905225,0.010351232368851118,0.010000652040656656,0.01000011558252058,0.0,0.0,0.0,0.0,0.010025470266581694,0.0,0.010000178693463254,0.0,0.010000126247017927,0.0,0.010000373804468799,0.0,0.0,0.0
0.1674,0.1674002710377835,0.0003298403243798588,0.01816150666601917,0.010130247017330994,0.017172565359233803,0.010003290317400293,0.07624892303921728,0.0,0.0,0.010101537444514714,0.0,0.0,0.010003783045780843,0.045753240226795895,0.010018805728709668,0.0,0.0,0.01000330889698466,0.0,0.0,0.010102430262118618,0.010008107611190092,0.0,0.026009208559854335,0.010002944078751297,0.0,0.0,0.010011959195749973,0.010005422842895025,0.0,0.010005344404655668,0.0,0.010012343167922783,0.0,0.0,0.010003915360573577,0.0,0.0100071449849626,0.0100316671542874,0.0,0.0,0.0,0.01003451430179599,0.0100252557238392,0.0,0.04187223742625535,0.010003254866142336,0.010003140895953755,0.0,0.010006194866229669,0.01000434743680658,0.010007239381289666,0.0,0.01000311013658941,0.0,0.010004223037066428,0.0,0.0,0.010002911776222635,0.010003472303754136,0.0576596213014712,0.02099872977407148,0.09349871822627209,0.010003351877421964,0.0,0.0,0.0,0.0,0.0,0.010120518929360068,0.010018627196648942,0.0,0.0,0.0,0.010071819976383747,0.010004265605593948,0.0,0.010005434922142054,0.060976204202584046,0.0,0.0,0.15890211525687384,0.010049630563223774,0.010005864821516287,0.01000322321101462,0.0,0.0,0.0,0.0,0.01005700954448736,0.0,0.010003787235834189,0.0,0.010004588819290375,0.0,0.01001039768493473,0.0,0.0,0.0
0.17009999999999997,0.17010000330082137,0.00044669145802742917,0.021135076485014885,0.010000105869211564,0.01490067119358956,0.010000011136646654,0.07763663756897714,0.0,0.0,0.010000088608670483,0.0,0.0,0.0,0.0728822037206391,0.010000033709070278,0.0,0.0,0.010000014170313171,0.0,0.0,0.010000095367493288,0.01000001580963778,0.0,0.03070840872506765,0.010000016707112888,0.0,0.0,0.010000018198177762,0.010000021664615466,0.0,0.010000016389982496,0.0,0.010000027737597455,0.0,0.0,0.010000013418530157,0.0,0.01000001499877885,0.01000008042069857,0.0,0.0,0.0,0.010000042696742373,0.010000043150686878,0.0,0.013950868448955678,0.010000012718186735,0.010000011452499517,0.0,0.01000001972068728,0.010000013971705956,0.010000020821745077,0.0,0.010000011692503762,0.0,0.010000018317364053,0.0,0.0,0.010000012288492925,0.010000009118108786,0.053074409194753966,0.010000491677639495,0.09236304186501376,0.010000014870758014,0.0,0.0,0.0,0.0,0.010000013730315336,0.010000101734702942,0.010000049970484478,0.0,0.0,0.0,0.010000082153999373,0.010000013844397778,0.0,0.010000014823653593,0.06448272253115978,0.0,0.0,0.16999918832383246,0.01000006169038908,0.010000028951415569,0.010000014414155328,0.0,0.0,0.0,0.0,0.010000093959853597,0.0,0.010000012870946373,0.0,0.010000021711410782,0.0,0.010000041868541658,0.0,0.0,0.0
0.17279999999999998,0.1728,0.0006553354361539655,0.025599520232886506,0.01,0.01,0.01,0.08018638216356132,0.0,0.0,0.01,0.0,0.0,0.0,0.11022160989133144,0.01,0.0,0.0,0.01,0.0,0.0,0.01,0.01,0.0,0.032408403326767976,0.01,0.0,0.0,0.01,0.01,0.0,0.01,0.0,0.01,0.0,0.0,0.01,0.0,0.01,0.01,0.0,0.0,0.0,0.01,0.01,0.0,0.01,0.01,0.01,0.0,0.01,0.01,0.01,0.0,0.01,0.0,0.01,0.0,0.0,0.01,0.01,0.029308926107000012,0.01,0.08981361783643861,0.01,0.0,0.0,0.0,0.0,0.01,0.01,0.01,0.0,0.0,0.0,0.01,0.01,0.0,0.01,0.05806106067490034,0.0,0.0,0.16999999999999993,0.01,0.01,0.01,0.0,0.0,0.0,0.0,0.01,0.0,0.01,0.0,0.01,0.0,0.01,0.0,0.0,0.0
0.1755,0.17550000076679725,0.0009784980505954056,0.031280953479640064,0.010000004963453994,0.010000361652347637,0.010000002330298161,0.07275043951814494,0.0,0.010000002279489526,0.010000004238774311,0.0,0.0,0.0,0.15023465270587152,0.010000003433721661,0.0,0.0,0.010000003194050968,0.0,0.0,0.010000007093606529,0.010000001833011701,0.0,0.029030102277803185,0.010000002540738588,0.0,0.0,0.010000002649802992,0.010000003481293991,0.0,0.010000002778130571,0.0,0.010000003162389592,0.0,0.0,0.010000002426308384,0.0,0.010000002809018698,0.010000013082381657,0.0,0.0,0.0,0.010000003811979416,0.010000003956334807,0.0,0.010000013780750789,0.01000000277819398,0.01000000264172808,0.0,0.010000002772700724,0.010000003008069516,0.010000002776167211,0.0,0.01000000251372864,0.0,0.010000003084851855,0.0,0.0,0.010000002205316225,0.010000002758879089,0.010001203320844984,0.010000014063112052,0.09724922753105165,0.010000004965381388,0.0,0.0,0.0,0.0,0.0,0.010000007277804819,0.010000009378776086,0.0,0.0,0.0,0.010000004879697877,0.010000002936284082,0.0,0.010000003520237747,0.05376415422464738,0.0,0.0,0.15696967325152889,0.01000000428120478,0.010000009577197084,0.010000002805878684,0.0,0.0,0.0,0.0,0.010000005692591617,0.0,0.01000000219557248,0.0,0.010000002358075936,0.0,0.010000003200773454,0.0,0.0,0.0
0.17819999999999997,0.1782000006510574,0.0014819380772675133,0.03849594884228097,0.010000000926365427,0.010000011034839447,0.010000000728574616,0.040974720155301673,0.010000000588521693,0.010000000937913875,0.010000001272442926,0.0,0.0,0.0,0.19637948173503308,0.010000000909732125,0.0,0.0,0.0,0.0,0.0,0.010000004837916934,0.010000000202509914,0.0,0.010977830388787588,0.010000001064378693,0.0,0.0,0.01000000030507188,0.010000000891608601,0.0,0.010000000650672669,0.0,0.010000000453593297,0.0,0.0,0.010000000547116356,0.0,0.01000000056599371,0.010000002078293005,0.0,0.0,0.0,0.0100000010494051,0.010000000833770771,0.0,0.010000000945326899,0.010000000645675695,0.010000000697882228,0.0,0.010000001148372599,0.01000000083112865,0.010000000713304154,0.0,0.010000000991716057,0.0,0.01000000086636061,0.0,0.0,0.010000000620146578,0.01000000095491387,0.010000010273160545,0.010000011177222648,0.11902520302823474,0.010000000393161332,0.0,0.0,0.0,0.0,0.0,0.010000004949837136,0.010000001279385785,0.0,0.0,0.0,0.0100000007980854,0.010000000853474645,0.0,0.010000000966902239,0.0428822043360796,0.0,0.0,0.14976048519162008,0.010000000666047828,0.010000000572140802,0.010000001159823236,0.0,0.0,0.0,0.0,0.01000000149752764,0.0,0.010000000431917207,0.0,0.010000000820631174,0.0,0.010000001032077299,0.0,0.0,0.0
